driverId,driverRef,number,code,forename,surname,dob,nationality,url,driverId2,dob_year,dob_month,dob_day
741,etancelin,,,Philippe,Étancelin,1896-12-28,French,http://en.wikipedia.org/wiki/Philippe_%C3%89tancelin,1,1896,12,28
703,legat,,,Arthur,Legat,1898-11-01,Belgian,http://en.wikipedia.org/wiki/Arthur_Legat,2,1898,11,1
786,fagioli,,,Luigi,Fagioli,1898-06-09,Italian,http://en.wikipedia.org/wiki/Luigi_Fagioli,3,1898,6,9
791,biondetti,,,Clemente,Biondetti,1898-08-18,Italian,http://en.wikipedia.org/wiki/Clemente_Biondetti,4,1898,8,18
589,chiron,,,Louis,Chiron,1899-08-03,Monegasque,http://en.wikipedia.org/wiki/Louis_Chiron,5,1899,8,3
750,brudes,,,Adolf,Brudes,1899-10-15,German,http://en.wikipedia.org/wiki/Adolf_Brudes,6,1899,10,15
760,dusio,,,Piero,Dusio,1899-10-13,Italian,http://en.wikipedia.org/wiki/Piero_Dusio,7,1899,10,13
717,hans_stuck,,,Hans,von Stuck,12/27/00,German,http://en.wikipedia.org/wiki/Hans_Von_Stuck,8,1900,12,27
749,aston,,,Bill,Aston,3/29/00,British,http://en.wikipedia.org/wiki/Bill_Aston,9,1900,3,29
733,miller,,,Chet,Miller,7/19/02,American,http://en.wikipedia.org/wiki/Chet_Miller,10,1902,7,19
755,schoeller,,,Rudolf,Schoeller,4/27/02,Swiss,http://en.wikipedia.org/wiki/Rudolf_Schoeller,11,1902,4,27
697,bonetto,,,Felice,Bonetto,6/9/03,Italian,http://en.wikipedia.org/wiki/Felice_Bonetto,12,1903,6,9
709,klodwig,,,Ernst,Klodwig,5/23/03,East German,http://en.wikipedia.org/wiki/Ernst_Klodwig,13,1903,5,23
782,jover,,,Juan,Jover,11/23/03,Spanish,http://en.wikipedia.org/wiki/Juan_Jover,14,1903,11,23
704,cabantous,,,Yves,Cabantous,10/8/04,French,http://en.wikipedia.org/wiki/Yves_Giraud_Cabantous,15,1904,10,8
627,rosier,,,Louis,Rosier,11/5/05,French,http://en.wikipedia.org/wiki/Louis_Rosier,16,1905,11,5
773,levegh,,,Pierre,Levegh,12/22/05,French,http://en.wikipedia.org/wiki/Pierre_Levegh,17,1905,12,22
783,grignard,,,Georges,Grignard,7/25/05,French,http://en.wikipedia.org/wiki/Georges_Grignard,18,1905,7,25
641,taruffi,,,Piero,Taruffi,10/12/06,Italian,http://en.wikipedia.org/wiki/Piero_Taruffi,19,1906,10,12
642,farina,,,Nino,Farina,10/30/06,Italian,http://en.wikipedia.org/wiki/Nino_Farina,20,1906,10,30
724,ulmen,,,Toni,Ulmen,1/25/06,German,http://en.wikipedia.org/wiki/Toni_Ulmen,21,1906,1,25
726,george_connor,,,George,Connor,8/16/06,American,http://en.wikipedia.org/wiki/George_Connor_(driver),22,1906,8,16
740,comotti,,,Franco,Comotti,7/24/06,Italian,http://en.wikipedia.org/wiki/Franco_Comotti,23,1906,7,24
748,cantoni,,,Eitel,Cantoni,10/4/06,Uruguayan,http://en.wikipedia.org/wiki/Eitel_Cantoni,24,1906,10,4
768,rose,,,Mauri,Rose,5/26/06,American,http://en.wikipedia.org/wiki/Mauri_Rose,25,1906,5,26
787,harrison,,,Cuth,Harrison,7/6/06,British,http://en.wikipedia.org/wiki/Cuth_Harrison,26,1906,7,6
793,sommer,,,Raymond,Sommer,8/31/06,French,http://en.wikipedia.org/wiki/Raymond_Sommer,27,1906,8,31
622,landi,,,Chico,Landi,7/14/07,Brazilian,http://en.wikipedia.org/wiki/Chico_Landi,28,1907,7,14
671,loyer,,,Roger,Loyer,8/5/07,French,http://en.wikipedia.org/wiki/Roger_Loyer,29,1907,8,5
701,holland,,,Bill,Holland,12/18/07,American,http://en.wikipedia.org/wiki/Bill_Holland,30,1907,12,18
710,krause,,,Rudolf,Krause,3/30/07,East German,http://en.wikipedia.org/wiki/Rudolf_Krause,31,1907,3,30
718,loof,,,Ernst,Loof,7/4/07,German,http://en.wikipedia.org/wiki/Ernst_Loof,32,1907,7,4
774,chaboud,,,Eugène,Chaboud,4/12/07,French,http://en.wikipedia.org/wiki/Eug%C3%A8ne_Chaboud,33,1907,4,12
777,parker,,,Philip,Fotheringham-Parker,9/22/07,British,http://en.wikipedia.org/wiki/Philip_Fotheringham-Parker,34,1907,9,22
719,scherrer,,,Albert,Scherrer,2/28/08,Swiss,http://en.wikipedia.org/wiki/Albert_Scherrer,35,1908,2,28
737,obrien,,,Robert,O'Brien,4/11/08,American,http://en.wikipedia.org/wiki/Robert_O%27Brien_(auto_racer),36,1908,4,11
762,rol,,,Franco,Rol,6/5/08,Italian,http://en.wikipedia.org/wiki/Franco_Rol,37,1908,6,5
803,cantrell,,,Bill,Cantrell,1/31/08,American,http://en.wikipedia.org/wiki/William_Cantrell,38,1908,1,31
633,villoresi,,,Luigi,Villoresi,5/16/09,Italian,http://en.wikipedia.org/wiki/Luigi_Villoresi,39,1909,5,16
634,scotti,,,Piero,Scotti,11/11/09,Italian,http://en.wikipedia.org/wiki/Piero_Scotti,40,1909,11,11
684,whitehouse,,,Bill,Whitehouse,4/1/09,British,http://en.wikipedia.org/wiki/Bill_Whitehouse,41,1909,4,1
691,lang,,,Hermann,Lang,4/6/09,German,http://en.wikipedia.org/wiki/Hermann_Lang,42,1909,4,6
729,schindler,,,Bill,Schindler,3/6/09,American,http://en.wikipedia.org/wiki/Bill_Schindler,43,1909,3,6
747,murray,,,David,Murray,12/28/09,British,http://en.wikipedia.org/wiki/David_Murray_(driver),44,1909,12,28
754,balsa,,,Marcel,Balsa,1/1/09,French,http://en.wikipedia.org/wiki/Marcel_Balsa,45,1909,1,1
801,pozzi,,,Charles,Pozzi,8/27/09,French,http://en.wikipedia.org/wiki/Charles_Pozzi,46,1909,8,27
802,serafini,,,Dorino,Serafini,7/22/09,Italian,http://en.wikipedia.org/wiki/Dorino_Serafini,47,1909,7,22
442,kuhnke,,,Kurt,Kuhnke,4/30/10,German,http://en.wikipedia.org/wiki/Kurt_Kuhnke,48,1910,4,30
648,kling,,,Karl,Kling,9/16/10,German,http://en.wikipedia.org/wiki/Karl_Kling,49,1910,9,16
677,webb,,,Travis,Webb,10/8/10,American,http://en.wikipedia.org/wiki/Travis_Webb,50,1910,10,8
721,hirt,,,Peter,Hirt,3/30/10,Swiss,http://en.wikipedia.org/wiki/Peter_Hirt,51,1910,3,30
764,guy_mairesse,,,Guy,Mairesse,8/10/10,French,http://en.wikipedia.org/wiki/Guy_Mairesse,52,1910,8,10
765,louveau,,,Henri,Louveau,1/25/10,French,http://en.wikipedia.org/wiki/Henri_Louveau,53,1910,1,25
766,wallard,,,Lee,Wallard,9/7/10,American,http://en.wikipedia.org/wiki/Lee_Wallard,54,1910,9,7
799,jackson,,,Jimmy,Jackson,7/25/10,American,http://en.wikipedia.org/wiki/Jimmy_Jackson_(driver),55,1910,7,25
579,fangio,,,Juan,Fangio,6/24/11,Argentine,http://en.wikipedia.org/wiki/Juan_Manuel_Fangio,56,1911,6,24
678,duncan,,,Len,Duncan,7/25/11,American,http://en.wikipedia.org/wiki/Len_Duncan,57,1911,7,25
686,reg_parnell,,,Reg,Parnell,7/2/11,British,http://en.wikipedia.org/wiki/Reg_Parnell,58,1911,7,2
756,pietsch,,,Paul,Pietsch,6/20/11,German,http://en.wikipedia.org/wiki/Paul_Pietsch,59,1911,6,20
763,sanesi,,,Consalvo,Sanesi,3/28/11,Italian,http://en.wikipedia.org/wiki/Consalvo_Sanesi,60,1911,3,28
767,forberg,,,Carl,Forberg,3/4/11,American,http://en.wikipedia.org/wiki/Carl_Forberg,61,1911,3,4
771,walt_brown,,,Walt,Brown,12/30/11,American,http://en.wikipedia.org/wiki/Walt_Brown_(auto_racer),62,1911,12,30
781,richardson,,,Ken,Richardson,8/21/11,British,http://en.wikipedia.org/wiki/Ken_Richardson_(race_car_driver),63,1911,8,21
800,pagani,,,Nello,Pagani,10/11/11,Italian,http://en.wikipedia.org/wiki/Nello_Pagani,64,1911,10,11
661,peter_walker,,,Peter,Walker,10/7/12,British,http://en.wikipedia.org/wiki/Peter_Walker_(driver),65,1912,10,7
716,bauer,,,Erwin,Bauer,7/17/12,German,http://en.wikipedia.org/wiki/Erwin_Bauer,66,1912,7,17
723,fischer,,,Rudi,Fischer,4/19/12,Swiss,http://en.wikipedia.org/wiki/Rudi_Fischer,67,1912,4,19
790,leslie_johnson,,,Leslie,Johnson,3/22/12,British,http://en.wikipedia.org/wiki/Leslie_Johnson_(racing_driver),68,1912,3,22
792,pian,,,Alfredo,Pián,10/21/12,Argentine,http://en.wikipedia.org/wiki/Alfredo_Pi%C3%A0n,69,1912,10,21
794,chitwood,,,Joie,Chitwood,4/14/12,American,http://en.wikipedia.org/wiki/Joie_Chitwood,70,1912,4,14
795,fohr,,,Myron,Fohr,6/17/12,American,http://en.wikipedia.org/wiki/Myron_Fohr,71,1912,6,17
486,fairman,,,Jack,Fairman,3/15/13,British,http://en.wikipedia.org/wiki/Jack_Fairman,72,1913,3,15
518,darter,,,Duane,Carter,5/5/13,American,http://en.wikipedia.org/wiki/Duane_Carter,73,1913,5,5
586,piotti,,,Luigi,Piotti,10/27/13,Italian,http://en.wikipedia.org/wiki/Luigi_Piotti,74,1913,10,27
615,agabashian,,,Fred,Agabashian,8/21/13,American,http://en.wikipedia.org/wiki/Fred_Agabashian,75,1913,8,21
630,dinsmore,,,Duke,Dinsmore,4/10/13,American,http://en.wikipedia.org/wiki/Duke_Dinsmore,76,1913,4,10
692,helfrich,,,Theo,Helfrich,5/13/13,German,http://en.wikipedia.org/wiki/Theo_Helfrich,77,1913,5,13
695,galvez,,,Oscar,Gálvez,8/17/13,Argentine,http://en.wikipedia.org/wiki/%C3%93scar_Alfredo_G%C3%A1lvez,78,1913,8,17
699,nalon,,,Duke,Nalon,3/2/13,American,http://en.wikipedia.org/wiki/Duke_Nalon,79,1913,3,2
725,abecassis,,,George,Abecassis,3/21/13,British,http://en.wikipedia.org/wiki/George_Abecassis,80,1913,3,21
731,banks,,,Henry,Banks,6/14/13,American,http://en.wikipedia.org/wiki/Henry_Banks,81,1913,6,14
736,laurent,,,Roger,Laurent,2/21/13,Belgian,http://en.wikipedia.org/wiki/Roger_Laurent,82,1913,2,21
776,kelly,,,Joe,Kelly,3/13/13,Irish,http://en.wikipedia.org/wiki/Joe_Kelly_(Formula_One),83,1913,3,13
796,ader,,,Walt,Ader,12/15/13,American,http://en.wikipedia.org/wiki/Walt_Ader,84,1913,12,15
496,menditeguy,,,Carlos,Menditeguy,8/10/14,Argentine,http://en.wikipedia.org/wiki/Carlos_Menditeguy,85,1914,8,10
555,paul_russo,,,Paul,Russo,4/10/14,American,http://en.wikipedia.org/wiki/Paul_Russo,86,1914,4,10
611,hanks,,,Sam,Hanks,7/13/14,American,http://en.wikipedia.org/wiki/Sam_Hanks,87,1914,7,13
619,gerard,,,Bob,Gerard,1/19/14,British,http://en.wikipedia.org/wiki/Bob_Gerard,88,1914,1,19
625,bayol,,,Élie,Bayol,2/28/14,French,http://en.wikipedia.org/wiki/%C3%89lie_Bayol,89,1914,2,28
640,graffenried,,,Toulo,de Graffenried,5/18/14,Swiss,http://en.wikipedia.org/wiki/Toulo_de_Graffenried,90,1914,5,18
655,niday,,,Cal,Niday,4/29/14,American,http://en.wikipedia.org/wiki/Cal_Niday,91,1914,4,29
669,bira,,,Prince,Bira,7/15/14,Thai,http://en.wikipedia.org/wiki/Prince_Bira,92,1914,7,15
687,whitehead,,,Peter,Whitehead,11/12/14,British,http://en.wikipedia.org/wiki/Peter_Whitehead_(racing_driver),93,1914,11,12
700,scarborough,,,Carl,Scarborough,7/3/14,American,http://en.wikipedia.org/wiki/Carl_Scarborough,94,1914,7,3
757,peters,,,Josef,Peters,9/16/14,German,http://en.wikipedia.org/wiki/Josef_Peters_(driver),95,1914,9,16
779,john_james,,,John,James,5/10/14,British,http://en.wikipedia.org/wiki/John_James_(auto_racer),96,1914,5,10
798,levrett,,,Bayliss,Levrett,2/14/14,American,http://en.wikipedia.org/wiki/Bayliss_Levrett,97,1914,2,14
546,owen,,,Arthur,Owen,3/23/15,British,http://en.wikipedia.org/wiki/Arthur_Owen,98,1915,3,23
561,ray_crawford,,,Ray,Crawford,10/26/15,American,http://en.wikipedia.org/wiki/Ray_Crawford,99,1915,10,26
732,mcdowell,,,Johnny,McDowell,1/29/15,American,http://en.wikipedia.org/wiki/Johnny_McDowell,100,1915,1,29
739,charrington,,,Robin,Montgomerie-Charrington,6/23/15,British,http://en.wikipedia.org/wiki/Robin_Montgomerie-Charrington,101,1915,6,23
752,niedermayr,,,Helmut,Niedermayr,11/29/15,German,http://en.wikipedia.org/wiki/Helmut_Niedermayr,102,1915,11,29
772,hellings,,,Mack,Hellings,9/14/15,American,http://en.wikipedia.org/wiki/Mack_Hellings,103,1915,9,14
778,shawe_taylor,,,Brian,Shawe Taylor,1/28/15,British,http://en.wikipedia.org/wiki/Brian_Shawe_Taylor,104,1915,1,28
788,fry,,,Joe,Fry,10/26/15,British,http://en.wikipedia.org/wiki/Joe_Fry,105,1915,10,26
789,martin,,,Eugène,Martin,3/24/15,French,http://en.wikipedia.org/wiki/Eug%C3%A8ne_Martin,106,1915,3,24
529,bettenhausen,,,Tony,Bettenhausen,9/12/16,American,http://en.wikipedia.org/wiki/Tony_Bettenhausen,107,1916,9,12
534,force,,,Gene,Force,6/15/16,American,http://en.wikipedia.org/wiki/Gene_Force,108,1916,6,15
576,cade,,,Phil,Cade,6/12/16,American,http://en.wikipedia.org/wiki/Phil_Cade,109,1916,6,12
585,emery,,,Paul,Emery,11/12/16,British,http://en.wikipedia.org/wiki/Paul_Emery,110,1916,11,12
629,griffith,,,Cliff,Griffith,2/6/16,American,http://en.wikipedia.org/wiki/Cliff_Griffith,111,1916,2,6
660,claes,,,Johnny,Claes,8/11/16,Belgian,http://en.wikipedia.org/wiki/Johnny_Claes,112,1916,8,11
663,wharton,,,Ken,Wharton,3/21/16,British,http://en.wikipedia.org/wiki/Ken_Wharton,113,1916,3,21
683,thorne,,,Leslie,Thorne,6/23/16,British,http://en.wikipedia.org/wiki/Leslie_Thorne,114,1916,6,23
742,poore,,,Dennis,Poore,8/19/16,British,http://en.wikipedia.org/wiki/Dennis_Poore,115,1916,8,19
746,bianco,,,Gino,Bianco,7/22/16,Brazilian,http://en.wikipedia.org/wiki/Gino_Bianco,116,1916,7,22
780,branca,,,Toni,Branca,9/15/16,Swiss,http://en.wikipedia.org/wiki/Toni_Branca,117,1916,9,15
427,trintignant,,,Maurice,Trintignant,10/30/17,French,http://en.wikipedia.org/wiki/Maurice_Trintignant,118,1917,10,30
431,barth,,,Edgar,Barth,1/26/17,German,http://en.wikipedia.org/wiki/Edgar_Barth,119,1917,1,26
594,tolan,,,Johnnie,Tolan,10/22/17,American,http://en.wikipedia.org/wiki/Johnnie_Tolan,120,1917,10,22
602,la_caze,,,Robert,La Caze,2/26/17,French,http://en.wikipedia.org/wiki/Robert_La_Caze,121,1917,2,26
626,manzon,,,Robert,Manzon,4/12/17,French,http://en.wikipedia.org/wiki/Robert_Manzon,122,1917,4,12
632,frere,,,Paul,Frère,1/30/17,Belgian,http://en.wikipedia.org/wiki/Paul_Fr%C3%A8re,123,1917,1,30
638,volonterio,,,Ottorino,Volonterio,12/7/17,Swiss,http://en.wikipedia.org/wiki/Ottorino_Volonterio,124,1917,12,7
667,fitch,,,John,Fitch,8/4/17,American,http://en.wikipedia.org/wiki/John_Fitch_(driver),125,1917,8,4
668,lucas,,,Jean,Lucas,4/25/17,French,http://en.wikipedia.org/wiki/Jean_Lucas,126,1917,4,25
711,karch,,,Oswald,Karch,3/6/17,German,http://en.wikipedia.org/wiki/Oswald_Karch,127,1917,3,6
730,fonder,,,George,Fonder,6/22/17,American,http://en.wikipedia.org/wiki/George_Fonder,128,1917,6,22
744,downing,,,Ken,Downing,12/5/17,British,http://en.wikipedia.org/wiki/Ken_Downing,129,1917,12,5
784,hampshire,,,David,Hampshire,12/29/17,British,http://en.wikipedia.org/wiki/David_Hampshire,130,1917,12,29
805,kladis,,,Danny,Kladis,2/10/17,American,http://en.wikipedia.org/wiki/Danny_Kladis,131,1917,2,10
429,andre_pilette,,,André,Pilette,10/6/18,Belgian,http://en.wikipedia.org/wiki/Andr%C3%A9_Pilette,132,1918,10,6
495,ken_miles,,,Ken,Miles,11/1/18,British,http://en.wikipedia.org/wiki/Ken_Miles,133,1918,11,1
519,homeier,,,Bill,Homeier,8/31/18,American,http://en.wikipedia.org/wiki/Bill_Homeier,134,1918,8,31
547,gould,,,Horace,Gould,9/20/18,British,http://en.wikipedia.org/wiki/Horace_Gould,135,1918,9,20
574,constantine,,,George,Constantine,2/22/18,American,http://en.wikipedia.org/wiki/George_Constantine,136,1918,2,22
593,parsons,,,Johnnie,Parsons,7/4/18,American,http://en.wikipedia.org/wiki/Johnnie_Parsons,137,1918,7,4
601,gibson,,,Dick,Gibson,4/16/18,British,http://en.wikipedia.org/wiki/Dick_Gibson,138,1918,4,16
647,ascari,,,Alberto,Ascari,7/13/18,Italian,http://en.wikipedia.org/wiki/Alberto_Ascari,139,1918,7,13
656,cross,,,Art,Cross,1/24/18,American,http://en.wikipedia.org/wiki/Art_Cross,140,1918,1,24
657,vukovich,,,Bill,Vukovich,12/13/18,American,http://en.wikipedia.org/wiki/Bill_Vukovich,141,1918,12,13
666,rolt,,,Tony,Rolt,10/16/18,British,http://en.wikipedia.org/wiki/Tony_Rolt,142,1918,10,16
676,armi,,,Frank,Armi,10/12/18,American,http://en.wikipedia.org/wiki/Frank_Armi,143,1918,10,12
681,georges_berger,,,Georges,Berger,9/14/18,Belgian,http://en.wikipedia.org/wiki/Georges_Berger,144,1918,9,14
693,wacker,,,Fred,Wacker,7/10/18,American,http://en.wikipedia.org/wiki/Fred_Wacker,145,1918,7,10
720,terra,,,Max,de Terra,10/6/18,Swiss,http://en.wikipedia.org/wiki/Max_de_Terra,146,1918,10,6
804,mantz,,,Johnny,Mantz,9/18/18,American,http://en.wikipedia.org/wiki/Johnny_Mantz,147,1918,9,18
433,hansgen,,,Walt,Hansgen,10/28/19,American,http://en.wikipedia.org/wiki/Walt_Hansgen,148,1919,10,28
499,bonomi,,,Roberto,Bonomi,9/30/19,Argentine,http://en.wikipedia.org/wiki/Roberto_Bonomi,149,1919,9,30
513,johnson,,,Eddie,Johnson,2/10/19,American,http://en.wikipedia.org/wiki/Eddie_Johnson_(auto_racer),150,1919,2,10
521,stevenson,,,Chuck,Stevenson,10/15/19,American,http://en.wikipedia.org/wiki/Chuck_Stevenson,151,1919,10,15
523,templeman,,,Shorty,Templeman,8/12/19,American,http://en.wikipedia.org/wiki/Shorty_Templeman,152,1919,8,12
548,drake,,,Bob,Drake,12/14/19,American,http://en.wikipedia.org/wiki/Bob_Drake_(Formula_One),153,1919,12,14
603,guelfi,,,André,Guelfi,5/6/19,French,http://en.wikipedia.org/wiki/Andr%C3%A9_Guelfi,154,1919,5,6
651,macklin,,,Lance,Macklin,9/2/19,British,http://en.wikipedia.org/wiki/Lance_Macklin,155,1919,9,2
658,mcgrath,,,Jack,McGrath,10/8/19,American,http://en.wikipedia.org/wiki/Jack_McGrath_(racing_driver),156,1919,10,8
689,alan_brown,,,Alan,Brown,11/20/19,British,http://en.wikipedia.org/wiki/Alan_Brown_(racing_driver),157,1919,11,20
743,thompson,,,Eric,Thompson,11/4/19,British,http://en.wikipedia.org/wiki/Eric_Thompson_(racing_driver),158,1919,11,4
753,klenk,,,Hans,Klenk,10/28/19,German,http://en.wikipedia.org/wiki/Hans_Klenk,159,1919,10,28
758,lof,,,Dries,van der Lof,8/23/19,Dutch,http://en.wikipedia.org/wiki/Dries_van_der_Lof,160,1919,8,23
759,flinterman,,,Jan,Flinterman,10/2/19,Dutch,http://en.wikipedia.org/wiki/Jan_Flinterman,161,1919,10,2
770,green,,,Cecil,Green,9/30/19,American,http://en.wikipedia.org/wiki/Cecil_Green,162,1919,9,30
411,serrurier,,,Doug,Serrurier,12/9/20,South African,http://en.wikipedia.org/wiki/Doug_Serrurier,163,1920,12,9
451,dochnal,,,Frank,Dochnal,10/8/20,American,http://en.wikipedia.org/wiki/Frank_Dochnal,164,1920,10,8
474,vyver,,,Syd,van der Vyver,6/1/20,South African,http://en.wikipedia.org/wiki/Syd_van_der_Vyver,165,1920,6,1
491,thiele,,,Alfonso,Thiele,4/5/20,American-Italian,http://en.wikipedia.org/wiki/Alfonso_Thiele,166,1920,4,5
511,branson,,,Don,Branson,6/2/20,American,http://en.wikipedia.org/wiki/Don_Branson,167,1920,6,2
558,keller,,,Al,Keller,4/11/20,American,http://en.wikipedia.org/wiki/Al_Keller,168,1920,4,11
562,turner,,,Jack,Turner,2/12/20,American,http://en.wikipedia.org/wiki/Jack_Turner_(driver),169,1920,2,12
565,magill,,,Mike,Magill,2/8/20,American,http://en.wikipedia.org/wiki/Mike_Magill,170,1920,2,8
609,simon,,,André,Simon,1/5/20,French,http://en.wikipedia.org/wiki/Andr%C3%A9_Simon_(racing_driver),171,1920,1,5
610,leston,,,Les,Leston,12/16/20,British,http://en.wikipedia.org/wiki/Les_Leston,172,1920,12,16
631,andrews,,,Keith,Andrews,6/15/20,American,http://en.wikipedia.org/wiki/Keith_Andrews_(driver),173,1920,6,15
645,bucci,,,Clemar,Bucci,9/4/20,Argentine,http://en.wikipedia.org/wiki/Clemar_Bucci,174,1920,9,4
654,faulkner,,,Walt,Faulkner,2/16/20,American,http://en.wikipedia.org/wiki/Walt_Faulkner,175,1920,2,16
664,mcalpine,,,Kenneth,McAlpine,9/21/20,British,http://en.wikipedia.org/wiki/Kenneth_McAlpine,176,1920,9,21
688,brandon,,,Eric,Brandon,7/18/20,British,http://en.wikipedia.org/wiki/Eric_Brandon,177,1920,7,18
705,crook,,,Tony,Crook,2/16/20,British,http://en.wikipedia.org/wiki/Tony_Crook,178,1920,2,16
708,duncan_hamilton,,,Duncan,Hamilton,4/30/20,British,http://en.wikipedia.org/wiki/Duncan_Hamilton_(racing_driver),179,1920,4,30
738,gaze,,,Tony,Gaze,2/3/20,Australian,http://en.wikipedia.org/wiki/Tony_Gaze,180,1920,2,3
761,crespo,,,Alberto,Crespo,1/16/20,Argentine,http://en.wikipedia.org/wiki/Alberto_Crespo,181,1920,1,16
797,holmes,,,Jackie,Holmes,9/4/20,American,http://en.wikipedia.org/wiki/Jackie_Holmes,182,1920,9,4
368,tingle,,,Sam,Tingle,8/24/21,Rhodesian,http://en.wikipedia.org/wiki/Sam_Tingle,183,1921,8,24
371,pease,,,Al,Pease,10/15/21,Canadian,http://en.wikipedia.org/wiki/Al_Pease,184,1921,10,15
420,raby,,,Ian,Raby,9/22/21,British,http://en.wikipedia.org/wiki/Ian_Raby,185,1921,9,22
449,ward,,,Rodger,Ward,1/10/21,American,http://en.wikipedia.org/wiki/Rodger_Ward,186,1921,1,10
483,scarlatti,,,Giorgio,Scarlatti,10/2/21,Italian,http://en.wikipedia.org/wiki/Giorgio_Scarlatti,187,1921,10,2
501,schell,,,Harry,Schell,6/29/21,American,http://en.wikipedia.org/wiki/Harry_Schell,188,1921,6,29
503,chimeri,,,Ettore,Chimeri,6/4/21,Venezuelan,http://en.wikipedia.org/wiki/Ettore_Chimeri,189,1921,6,4
554,behra,,,Jean,Behra,2/16/21,French,http://en.wikipedia.org/wiki/Jean_Behra,190,1921,2,16
571,dennis_taylor,,,Dennis,Taylor,6/12/21,British,http://en.wikipedia.org/wiki/Dennis_Taylor_(racing_driver),191,1921,6,12
580,godia,,,Paco,Godia,3/21/21,Spanish,http://en.wikipedia.org/wiki/Paco_Godia,192,1921,3,21
604,picard,,,François,Picard,4/26/21,French,http://en.wikipedia.org/wiki/Fran%C3%A7ois_Picard,193,1921,4,26
613,teague,,,Marshall,Teague,2/22/21,American,http://en.wikipedia.org/wiki/Marshall_Teague,194,1921,2,22
673,nazaruk,,,Mike,Nazaruk,10/2/21,American,http://en.wikipedia.org/wiki/Mike_Nazaruk,195,1921,10,2
675,ayulo,,,Manny,Ayulo,10/20/21,American,http://en.wikipedia.org/wiki/Manny_Ayulo,196,1921,10,20
679,mccoy,,,Ernie,McCoy,2/19/21,American,http://en.wikipedia.org/wiki/Ernie_McCoy,197,1921,2,19
714,adolff,,,Kurt,Adolff,11/5/21,German,http://en.wikipedia.org/wiki/Kurt_Adolff,198,1921,11,5
715,bechem,,,Günther,Bechem,12/21/21,German,http://en.wikipedia.org/wiki/G%C3%BCnther_Bechem,199,1921,12,21
722,carini,,,Piero,Carini,3/6/21,Italian,http://en.wikipedia.org/wiki/Piero_Carini,200,1921,3,6
775,gordini,,,Aldo,Gordini,5/20/21,French,http://en.wikipedia.org/wiki/Aldo_Gordini,201,1921,5,20
785,crossley,,,Geoff,Crossley,5/11/21,British,http://en.wikipedia.org/wiki/Geoff_Crossley,202,1921,5,11
456,salvadori,,,Roy,Salvadori,5/12/22,British,http://en.wikipedia.org/wiki/Roy_Salvadori,203,1922,5,12
498,gonzalez,,,José Froilán,González,10/5/22,Argentine,http://en.wikipedia.org/wiki/Jos%C3%A9_Froil%C3%A1n_Gonz%C3%A1lez,204,1922,10,5
512,thomson,,,Johnny,Thomson,4/9/22,American,http://en.wikipedia.org/wiki/Johnny_Thomson,205,1922,4,9
550,Changy,,,Alain,de Changy,2/5/22,Belgian,http://en.wikipedia.org/wiki/Alain_de_Changy,206,1922,2,5
568,fontes,,,Azdrubal,Fontes,12/26/22,Uruguayan,http://en.wikipedia.org/wiki/Azdrubal_Fontes,207,1922,12,26
612,linden,,,Andy,Linden,4/5/22,American,http://en.wikipedia.org/wiki/Andy_Linden_(racing_driver),208,1922,4,5
646,iglesias,,,Jesús,Iglesias,2/22/22,Argentine,http://en.wikipedia.org/wiki/Jes%C3%BAs_Iglesias,209,1922,2,22
650,pollet,,,Jacques,Pollet,7/2/22,French,http://en.wikipedia.org/wiki/Jacques_Pollet,210,1922,7,2
665,marr,,,Leslie,Marr,8/14/22,British,http://en.wikipedia.org/wiki/Leslie_Marr,211,1922,8,14
712,heeks,,,Willi,Heeks,2/13/22,German,http://en.wikipedia.org/wiki/Willi_Heeks,212,1922,2,13
745,graham_whitehead,,,Graham,Whitehead,4/15/22,British,http://en.wikipedia.org/wiki/Graham_Whitehead,213,1922,4,15
751,riess,,,Fritz,Riess,7/11/22,German,http://en.wikipedia.org/wiki/Fritz_Riess,214,1922,7,11
467,prinoth,,,Ernesto,Prinoth,4/15/23,Italian,http://en.wikipedia.org/wiki/Ernesto_Prinoth,215,1923,4,15
484,naylor,,,Brian,Naylor,3/24/23,British,http://en.wikipedia.org/wiki/Brian_Naylor,216,1923,3,24
490,duke,,,Geoff,Duke,3/29/23,British,http://en.wikipedia.org/wiki/Geoff_Duke,217,1923,3,29
507,daigh,,,Chuck,Daigh,11/29/23,American,http://en.wikipedia.org/wiki/Chuck_Daigh,218,1923,11,29
541,flockhart,,,Ron,Flockhart,6/16/23,British,http://en.wikipedia.org/wiki/Ron_Flockhart_(auto_racing),219,1923,6,16
543,cabianca,,,Giulio,Cabianca,2/19/23,Italian,http://en.wikipedia.org/wiki/Giulio_Cabianca,220,1923,2,19
549,bueb,,,Ivor,Bueb,6/6/23,British,http://en.wikipedia.org/wiki/Ivor_Bueb,221,1923,6,6
552,lucienbonnet,,,Jean,Lucienbonnet,1/7/23,French,http://en.wikipedia.org/wiki/Jean_Lucienbonnet,222,1923,1,7
563,weyant,,,Chuck,Weyant,4/3/23,American,http://en.wikipedia.org/wiki/Chuck_Weyant,223,1923,4,3
564,larson,,,Jud,Larson,1/21/23,American,http://en.wikipedia.org/wiki/Jud_Larson,224,1923,1,21
566,shelby,,,Carroll,Shelby,1/11/23,American,http://en.wikipedia.org/wiki/Carroll_Shelby,225,1923,1,11
582,kavanagh,,,Ken,Kavanagh,12/12/23,Australian,http://en.wikipedia.org/wiki/Ken_Kavanagh,226,1923,12,12
670,marimon,,,Onofre,Marimón,12/19/23,Argentine,http://en.wikipedia.org/wiki/Onofre_Marim%C3%B3n,227,1923,12,19
672,daponte,,,Jorge,Daponte,6/5/23,Argentine,http://en.wikipedia.org/wiki/Jorge_Daponte,228,1923,6,5
698,cruz,,,Adolfo,Cruz,6/28/23,Argentine,http://en.wikipedia.org/wiki/Adolfo_Schewelm_Cruz,229,1923,6,28
713,fitzau,,,Theo,Fitzau,2/10/23,East German,http://en.wikipedia.org/wiki/Theo_Fitzau,230,1923,2,10
727,rigsby,,,Jim,Rigsby,6/6/23,American,http://en.wikipedia.org/wiki/Jim_Rigsby,231,1923,6,6
806,oscar_gonzalez,,,Óscar,González,11/10/23,Uruguayan,http://en.wikipedia.org/wiki/Oscar_Gonz%C3%A1lez_(racing_driver),232,1923,11,10
340,love,,,John,Love,12/7/24,Rhodesian,http://en.wikipedia.org/wiki/John_Love_(racing_driver),233,1924,12,7
482,gendebien,,,Olivier,Gendebien,1/12/24,Belgian,http://en.wikipedia.org/wiki/Olivier_Gendebien,234,1924,1,12
504,creus,,,Antonio,Creus,10/28/24,Spanish,http://en.wikipedia.org/wiki/Antonio_Creus,235,1924,10,28
516,christie,,,Bob,Christie,4/4/24,American,http://en.wikipedia.org/wiki/Bob_Christie_(racing_driver),236,1924,4,4
522,grim,,,Bobby,Grim,9/4/24,American,http://en.wikipedia.org/wiki/Bobby_Grim,237,1924,9,4
537,dick_rathmann,,,Dick,Rathmann,1/6/24,American,http://en.wikipedia.org/wiki/Dick_Rathmann,238,1924,1,6
556,daywalt,,,Jimmy,Daywalt,8/28/24,American,http://en.wikipedia.org/wiki/Jimmy_Daywalt,239,1924,8,28
577,musso,,,Luigi,Musso,7/28/24,Italian,http://en.wikipedia.org/wiki/Luigi_Musso,240,1924,7,28
591,george_amick,,,George,Amick,10/24/24,American,http://en.wikipedia.org/wiki/George_Amick,241,1924,10,24
623,uria,,,Alberto,Uria,7/11/24,Uruguayan,http://en.wikipedia.org/wiki/Alberto_Uria,242,1924,7,11
643,mieres,,,Roberto,Mieres,12/3/24,Argentine,http://en.wikipedia.org/wiki/Roberto_Mieres,243,1924,12,3
649,birger,,,Pablo,Birger,1/7/24,Argentine,http://en.wikipedia.org/wiki/Pablo_Birger,244,1924,1,7
685,riseley_prichard,,,John,Riseley-Prichard,1/17/24,British,http://en.wikipedia.org/wiki/John_Riseley-Prichard,245,1924,1,17
463,chamberlain,,,Jay,Chamberlain,12/29/25,American,http://en.wikipedia.org/wiki/Jay_Chamberlain,246,1925,12,29
510,goldsmith,,,Paul,Goldsmith,10/2/25,American,http://en.wikipedia.org/wiki/Paul_Goldsmith,247,1925,10,2
528,freeland,,,Don,Freeland,3/25/25,American,http://en.wikipedia.org/wiki/Don_Freeland,248,1925,3,25
532,russo,,,Eddie,Russo,11/19/25,American,http://en.wikipedia.org/wiki/Eddie_Russo,249,1925,11,19
536,sutton,,,Len,Sutton,8/9/25,American,http://en.wikipedia.org/wiki/Len_Sutton,250,1925,8,9
624,ramos,,,Hernando,da Silva Ramos,12/7/25,Brazilian,http://en.wikipedia.org/wiki/Hernando_da_Silva_Ramos,251,1925,12,7
694,riu,,,Giovanni,de Riu,3/10/25,Italian,http://en.wikipedia.org/wiki/Giovanni_de_Riu,252,1925,3,10
728,james,,,Joe,James,5/23/25,American,http://en.wikipedia.org/wiki/Joe_James_(racing_driver),253,1925,5,23
734,ball,,,Bobby,Ball,8/26/25,American,http://en.wikipedia.org/wiki/Bobby_Ball_(auto_racer),254,1925,8,26
353,lovely,,,Pete,Lovely,4/11/26,American,http://en.wikipedia.org/wiki/Pete_Lovely,255,1926,4,11
356,jack_brabham,,,Jack,Brabham,4/2/26,Australian,http://en.wikipedia.org/wiki/Jack_Brabham,256,1926,4,2
438,settember,,,Tony,Settember,7/10/26,American,http://en.wikipedia.org/wiki/Tony_Settember,257,1926,7,10
444,lippi,,,Roberto,Lippi,10/17/26,Italian,http://en.wikipedia.org/wiki/Roberto_Lippi,258,1926,10,17
448,broeker,,,Peter,Broeker,5/15/26,Canadian,http://en.wikipedia.org/wiki/Peter_Broeker,259,1926,5,15
455,seidel,,,Wolfgang,Seidel,7/4/26,German,http://en.wikipedia.org/wiki/Wolfgang_Seidel,260,1926,7,4
469,schroeder,,,Rob,Schroeder,5/11/26,British,http://en.wikipedia.org/wiki/Rob_Schroeder,261,1926,5,11
514,veith,,,Bob,Veith,11/1/26,American,http://en.wikipedia.org/wiki/Bob_Veith,262,1926,11,1
520,hartley,,,Gene,Hartley,1/28/26,American,http://en.wikipedia.org/wiki/Gene_Hartley,263,1926,1,28
525,bryan,,,Jimmy,Bryan,1/28/26,American,http://en.wikipedia.org/wiki/Jimmy_Bryan,264,1926,1,28
533,boyd,,,Johnny,Boyd,8/19/26,American,http://en.wikipedia.org/wiki/Johnny_Boyd,265,1926,8,19
544,drogo,,,Piero,Drogo,8/8/26,Italian,http://en.wikipedia.org/wiki/Piero_Drogo,266,1926,8,8
551,filippis,,,Maria,de Filippis,11/11/26,Italian,http://en.wikipedia.org/wiki/Maria_Teresa_de_Filippis,267,1926,11,11
553,testut,,,André,Testut,4/13/26,Monegasque,http://en.wikipedia.org/wiki/Andr%C3%A9_Testut,268,1926,4,13
557,arnold,,,Chuck,Arnold,5/30/26,American,http://en.wikipedia.org/wiki/Chuck_Arnold,269,1926,5,30
559,flaherty,,,Pat,Flaherty,1/6/26,American,http://en.wikipedia.org/wiki/Pat_Flaherty_(racing_driver),270,1926,1,6
596,elisian,,,Ed,Elisian,12/9/26,American,http://en.wikipedia.org/wiki/Ed_Elisian,271,1926,12,9
599,bisch,,,Art,Bisch,11/10/26,American,http://en.wikipedia.org/wiki/Art_Bisch,272,1926,11,10
628,sweikert,,,Bob,Sweikert,5/20/26,American,http://en.wikipedia.org/wiki/Bob_Sweikert,273,1926,5,20
674,crockett,,,Larry,Crockett,10/23/26,American,http://en.wikipedia.org/wiki/Larry_Crockett,274,1926,10,23
680,swaters,,,Jacques,Swaters,10/30/26,American,http://en.wikipedia.org/wiki/Jacques_Swaters,275,1926,10,30
403,phil_hill,,,Phil,Hill,4/20/27,American,http://en.wikipedia.org/wiki/Phil_Hill,276,1927,4,20
419,rhodes,,,John,Rhodes,8/18/27,British,http://en.wikipedia.org/wiki/John_Rhodes_(driver),277,1927,8,18
424,bussinello,,,Roberto,Bussinello,10/4/27,Italian,http://en.wikipedia.org/wiki/Roberto_Bussinello,278,1927,10,4
466,walter,,,Heini,Walter,7/28/27,Swiss,http://en.wikipedia.org/wiki/Heini_Walter,279,1927,7,28
527,sachs,,,Eddie,Sachs,5/28/27,American,http://en.wikipedia.org/wiki/Eddie_Sachs,280,1927,5,28
535,mcwithey,,,Jim,McWithey,7/4/27,American,http://en.wikipedia.org/wiki/Jim_McWithey,281,1927,7,4
538,herman,,,Al,Herman,3/15/27,American,http://en.wikipedia.org/wiki/Al_Herman,282,1927,3,15
539,dempsey_wilson,,,Dempsey,Wilson,3/11/27,American,http://en.wikipedia.org/wiki/Dempsey_Wilson,283,1927,3,11
560,cheesbourg,,,Bill,Cheesbourg,6/12/27,American,http://en.wikipedia.org/wiki/Bill_Cheesbourg,284,1927,6,12
618,mackay-fraser,,,Herbert,MacKay-Fraser,6/23/27,American,http://en.wikipedia.org/wiki/Herbert_MacKay-Fraser,285,1927,6,23
637,scott_Brown,,,Archie,Scott Brown,5/13/27,British,http://en.wikipedia.org/wiki/Archie_Scott_Brown,286,1927,5,13
735,tornaco,,,Charles,de Tornaco,6/7/27,Belgian,http://en.wikipedia.org/wiki/Charles_de_Tornaco,287,1927,6,7
769,mackey,,,Bill,Mackey,12/15/27,American,http://en.wikipedia.org/wiki/Bill_Mackey,288,1927,12,15
377,jo_schlesser,,,Jo,Schlesser,5/18/28,French,http://en.wikipedia.org/wiki/Jo_Schlesser,289,1928,5,18
434,sharp,,,Hap,Sharp,1/1/28,American,http://en.wikipedia.org/wiki/Hap_Sharp,290,1928,1,1
435,mairesse,,,Willy,Mairesse,10/1/28,Belgian,http://en.wikipedia.org/wiki/Willy_Mairesse,291,1928,10,1
476,trips,,,Wolfgang,von Trips,5/4/28,German,http://en.wikipedia.org/wiki/Wolfgang_Graf_Berghe_von_Trips,292,1928,5,4
478,herrmann,,,Hans,Herrmann,2/23/28,German,http://en.wikipedia.org/wiki/Hans_Herrmann,293,1928,2,23
494,ruby,,,Lloyd,Ruby,1/12/28,American,http://en.wikipedia.org/wiki/Lloyd_Ruby,294,1928,1,12
500,munaron,,,Gino,Munaron,4/2/28,Italian,http://en.wikipedia.org/wiki/Gino_Munaron,295,1928,4,2
509,rathmann,,,Jim,Rathmann,7/16/28,American,http://en.wikipedia.org/wiki/Jim_Rathmann,296,1928,7,16
515,tingelstad,,,Bud,Tingelstad,4/4/28,American,http://en.wikipedia.org/wiki/Bud_Tingelstad,297,1928,4,4
573,tomaso,,,Alessandro,de Tomaso,7/10/28,Argentine-Italian,http://en.wikipedia.org/wiki/Alessandro_de_Tomaso,298,1928,7,10
583,gerini,,,Gerino,Gerini,8/10/28,Italian,http://en.wikipedia.org/wiki/Gerino_Gerini_(racing_driver),299,1928,8,10
597,connor,,,Pat,O'Connor,10/9/28,American,http://en.wikipedia.org/wiki/Pat_O%27Connor_(auto_racer),300,1928,10,9
600,goethals,,,Christian,Goethals,8/4/28,Belgian,http://en.wikipedia.org/wiki/Christian_Goethals,301,1928,8,4
606,portago,,,Alfonso,de Portago,10/11/28,Spanish,http://en.wikipedia.org/wiki/Alfonso_de_Portago,302,1928,10,11
616,george,,,Elmer,George,7/15/28,American,http://en.wikipedia.org/wiki/Elmer_George,303,1928,7,15
620,maglioli,,,Umberto,Maglioli,6/5/28,Italian,http://en.wikipedia.org/wiki/Umberto_Maglioli,304,1928,6,5
635,chapman,,,Colin,Chapman,5/19/28,British,http://en.wikipedia.org/wiki/Colin_Chapman,305,1928,5,19
636,titterington,,,Desmond,Titterington,5/1/28,British,http://en.wikipedia.org/wiki/Desmond_Titterington,306,1928,5,1
639,milhoux,,,André,Milhoux,12/9/28,Belgian,http://en.wikipedia.org/wiki/Andr%C3%A9_Milhoux,307,1928,12,9
652,whiteaway,,,Ted,Whiteaway,11/1/28,British,http://en.wikipedia.org/wiki/Ted_Whiteaway,308,1928,11,1
682,beauman,,,Don,Beauman,7/26/28,British,http://en.wikipedia.org/wiki/Don_Beauman,309,1928,7,26
702,bob_scott,,,Bob,Scott,10/4/28,American,http://en.wikipedia.org/wiki/Bob_Scott_(auto_racer),310,1928,10,4
289,hill,,,Graham,Hill,2/15/29,British,http://en.wikipedia.org/wiki/Graham_Hill,311,1929,2,15
458,slotemaker,,,Rob,Slotemaker,6/13/29,Dutch,http://en.wikipedia.org/wiki/Rob_Slotemaker,312,1929,6,13
475,moss,,,Stirling,Moss,9/17/29,British,http://en.wikipedia.org/wiki/Stirling_Moss,313,1929,9,17
517,amick,,,Red,Amick,1/19/29,American,http://en.wikipedia.org/wiki/Red_Amick,314,1929,1,19
572,blanchard,,,Harry,Blanchard,6/13/29,American,http://en.wikipedia.org/wiki/Harry_Blanchard,315,1929,6,13
578,hawthorn,,,Mike,Hawthorn,4/10/29,British,http://en.wikipedia.org/wiki/Mike_Hawthorn,316,1929,4,10
592,reece,,,Jimmy,Reece,11/17/29,American,http://en.wikipedia.org/wiki/Jimmy_Reece,317,1929,11,17
621,england,,,Paul,England,3/28/29,Australian,http://en.wikipedia.org/wiki/Paul_England,318,1929,3,28
644,mantovani,,,Sergio,Mantovani,5/22/29,Italian,http://en.wikipedia.org/wiki/Sergio_Mantovani,319,1929,5,22
653,davies,,,Jimmy,Davies,8/8/29,American,http://en.wikipedia.org/wiki/Jimmy_Davies,320,1929,8,8
659,hoyt,,,Jerry,Hoyt,1/29/29,American,http://en.wikipedia.org/wiki/Jerry_Hoyt,321,1929,1,29
690,nuckey,,,Rodney,Nuckey,6/26/29,British,http://en.wikipedia.org/wiki/Rodney_Nuckey,322,1929,6,26
696,john_barber,,,John,Barber,7/22/29,British,http://en.wikipedia.org/wiki/John_Barber_(racing_driver),323,1929,7,22
707,ian_stewart,,,Ian,Stewart,7/15/29,British,http://en.wikipedia.org/wiki/Ian_Stewart_(racing_driver),324,1929,7,15
347,bonnier,,,Jo,Bonnier,1/31/30,Swedish,http://en.wikipedia.org/wiki/Joakim_Bonnier,325,1930,1,31
380,gardner,,,Frank,Gardner,10/1/30,Australian,http://en.wikipedia.org/wiki/Frank_Gardner_(driver),326,1930,10,1
384,botha,,,Luki,Botha,1/16/30,South African,http://en.wikipedia.org/wiki/Luki_Botha,327,1930,1,16
386,ginther,,,Richie,Ginther,8/5/30,American,http://en.wikipedia.org/wiki/Richie_Ginther,328,1930,8,5
389,ligier,,,Guy,Ligier,7/12/30,French,http://en.wikipedia.org/wiki/Guy_Ligier,329,1930,7,12
404,ireland,,,Innes,Ireland,6/12/30,British,http://en.wikipedia.org/wiki/Innes_Ireland,330,1930,6,12
428,collomb,,,Bernard,Collomb,10/7/30,French,http://en.wikipedia.org/wiki/Bernard_Collomb,331,1930,10,7
436,campbell-jones,,,John,Campbell-Jones,1/21/30,British,http://en.wikipedia.org/wiki/John_Campbell-Jones,332,1930,1,21
437,burgess,,,Ian,Burgess,7/6/30,British,http://en.wikipedia.org/wiki/Ian_Burgess,333,1930,7,6
461,schiller,,,Heinz,Schiller,1/25/30,Swiss,http://en.wikipedia.org/wiki/Heinz_Schiller,334,1930,1,25
492,boffa,,,Menato,Boffa,1/4/30,Italian,http://en.wikipedia.org/wiki/Menato_Boffa,335,1930,1,4
526,ruttman,,,Troy,Ruttman,3/11/30,American,http://en.wikipedia.org/wiki/Troy_Ruttman,336,1930,3,11
542,piper,,,David,Piper,12/2/30,British,http://en.wikipedia.org/wiki/David_Piper,337,1930,12,2
587,ecclestone,,,Bernie,Ecclestone,10/28/30,British,http://en.wikipedia.org/wiki/Bernie_Ecclestone,338,1930,10,28
590,lewis-evans,,,Stuart,Lewis-Evans,4/20/30,British,http://en.wikipedia.org/wiki/Stuart_Lewis-Evans,339,1930,4,20
608,castellotti,,,Eugenio,Castellotti,10/10/30,Italian,http://en.wikipedia.org/wiki/Eugenio_Castellotti,340,1930,10,10
614,edmunds,,,Don,Edmunds,9/23/30,American,http://en.wikipedia.org/wiki/Don_Edmunds,341,1930,9,23
662,sparken,,,Mike,Sparken,6/16/30,French,http://en.wikipedia.org/wiki/Mike_Sparken,342,1930,6,16
364,gurney,,,Dan,Gurney,4/13/31,American,http://en.wikipedia.org/wiki/Dan_Gurney,343,1931,4,13
383,anderson,,,Bob,Anderson,5/19/31,British,http://en.wikipedia.org/wiki/Bob_Anderson_(racing_driver),344,1931,5,19
387,parkes,,,Mike,Parkes,9/24/31,British,http://en.wikipedia.org/wiki/Mike_Parkes,345,1931,9,24
398,vic_wilson,,,Vic,Wilson,4/14/31,British,http://en.wikipedia.org/wiki/Vic_Wilson_(motor_racing_driver),346,1931,4,14
416,clapham,,,David,Clapham,5/18/31,South African,http://en.wikipedia.org/wiki/David_Clapham,347,1931,5,18
459,marsh,,,Tony,Marsh,7/20/31,British,http://en.wikipedia.org/wiki/Tony_Marsh_(racing_driver),348,1931,7,20
506,halford,,,Bruce,Halford,5/18/31,British,http://en.wikipedia.org/wiki/Bruce_Halford,349,1931,5,18
581,collins,,,Peter,Collins,11/6/31,British,http://en.wikipedia.org/wiki/Peter_Collins_(racing_driver),350,1931,11,6
706,jimmy_stewart,,,Jimmy,Stewart,3/6/31,British,http://en.wikipedia.org/wiki/Jimmy_Stewart_(racing_driver),351,1931,3,6
339,roig,,,Alex,Soler-Roig,10/29/32,Spanish,http://en.wikipedia.org/wiki/Alex_Soler-Roig,352,1932,10,29
415,reed,,,Ray,Reed,4/30/32,South African,http://en.wikipedia.org/wiki/Ray_Reed,353,1932,4,30
417,blignaut,,,Alex,Blignaut,11/30/32,South African,http://en.wikipedia.org/wiki/Alex_Blignaut,354,1932,11,30
418,gregory,,,Masten,Gregory,2/29/32,American,http://en.wikipedia.org/wiki/Masten_Gregory,355,1932,2,29
439,estefano,,,Nasif,Estéfano,11/18/32,Argentine,http://en.wikipedia.org/wiki/Nasif_Est%C3%A9fano,356,1932,11,18
441,parnell,,,Tim,Parnell,6/25/32,British,http://en.wikipedia.org/wiki/Tim_Parnell,357,1932,6,25
446,abate,,,Carlo,Abate,7/10/32,Italian,http://en.wikipedia.org/wiki/Carlo_Mario_Abate,358,1932,7,10
447,starrabba,,,Gaetano,Starrabba,12/3/32,Italian,http://en.wikipedia.org/wiki/Gaetano_Starrabba,359,1932,12,3
477,allison,,,Cliff,Allison,2/8/32,British,http://en.wikipedia.org/wiki/Cliff_Allison,360,1932,2,8
479,brooks,,,Tony,Brooks,2/25/32,British,http://en.wikipedia.org/wiki/Tony_Brooks,361,1932,2,25
481,henry_taylor,,,Henry,Taylor,12/16/32,British,http://en.wikipedia.org/wiki/Henry_Taylor_(racing_driver),362,1932,12,16
524,hurtubise,,,Jim,Hurtubise,12/5/32,American,http://en.wikipedia.org/wiki/Jim_Hurtubise,363,1932,12,5
545,gamble,,,Fred,Gamble,3/17/32,American,http://en.wikipedia.org/wiki/Fred_Gamble_(racing_driver),364,1932,3,17
575,said,,,Bob,Said,5/5/32,American,http://en.wikipedia.org/wiki/Bob_Said,365,1932,5,5
588,taramazzo,,,Luigi,Taramazzo,5/5/32,Italian,http://en.wikipedia.org/wiki/Luigi_Taramazzo,366,1932,5,5
598,jerry_unser,,,Jerry,Unser,11/15/32,American,http://en.wikipedia.org/wiki/Jerry_Unser,367,1932,11,15
607,perdisa,,,Cesare,Perdisa,10/21/32,Italian,http://en.wikipedia.org/wiki/Cesare_Perdisa,368,1932,10,21
617,macdowel,,,Mike,MacDowel,9/13/32,British,http://en.wikipedia.org/wiki/Mike_MacDowel,369,1932,9,13
355,Cannoc,,,John,Cannon,6/21/33,Canadian,http://en.wikipedia.org/wiki/John_Cannon_(auto_racer),370,1933,6,21
375,scarfiotti,,,Ludovico,Scarfiotti,10/18/33,Italian,http://en.wikipedia.org/wiki/Ludovico_Scarfiotti,371,1933,10,18
396,bondurant,,,Bob,Bondurant,4/27/33,American,http://en.wikipedia.org/wiki/Bob_Bondurant,372,1933,4,27
397,arundell,,,Peter,Arundell,11/8/33,British,http://en.wikipedia.org/wiki/Peter_Arundell,373,1933,11,8
399,taylor,,,John,Taylor,3/23/33,British,http://en.wikipedia.org/wiki/John_Taylor_(racer),374,1933,3,23
400,lawrence,,,Chris,Lawrence,7/27/33,British,http://en.wikipedia.org/wiki/Chris_Lawrence_(racing_driver),375,1933,7,27
425,vaccarella,,,Nino,Vaccarella,3/4/33,Italian,http://en.wikipedia.org/wiki/Nino_Vaccarella,376,1933,3,4
462,davis,,,Colin,Davis,7/29/33,British,http://en.wikipedia.org/wiki/Colin_Davis_(driver),377,1933,7,29
489,pirocchi,,,Renato,Pirocchi,3/26/33,Italian,http://en.wikipedia.org/wiki/Renato_Pirocchi,378,1933,3,26
502,stacey,,,Alan,Stacey,8/29/33,British,http://en.wikipedia.org/wiki/Alan_Stacey,379,1933,8,29
570,bill_moss,,,Bill,Moss,9/4/33,British,http://en.wikipedia.org/wiki/Bill_Moss_(racing_driver),380,1933,9,4
595,garrett,,,Billy,Garrett,4/24/33,American,http://en.wikipedia.org/wiki/Billy_Garrett,381,1933,4,24
310,driver,,,Paddy,Driver,5/13/34,South African,http://en.wikipedia.org/wiki/Paddy_Driver,382,1934,5,13
332,follmer,,,George,Follmer,1/27/34,American,http://en.wikipedia.org/wiki/George_Follmer,383,1934,1,27
334,pretorius,,,Jackie,Pretorius,11/22/34,South African,http://en.wikipedia.org/wiki/Jackie_Pretorius,384,1934,11,22
341,surtees,,,John,Surtees,2/11/34,British,http://en.wikipedia.org/wiki/John_Surtees,385,1934,2,11
376,bianchi,,BIA,Lucien,Bianchi,11/10/34,Belgian,http://en.wikipedia.org/wiki/Lucien_Bianchi,386,1934,11,10
381,unser,,,Bobby,Unser,2/20/34,American,http://en.wikipedia.org/wiki/Bobby_Unser,387,1934,2,20
394,baghetti,,,Giancarlo,Baghetti,12/25/34,Italian,http://en.wikipedia.org/wiki/Giancarlo_Baghetti,388,1934,12,25
422,gubby,,,Brian,Gubby,4/17/34,British,http://en.wikipedia.org/wiki/Brian_Gubby,389,1934,4,17
426,bassi,,,Giorgio,Bassi,1/20/34,Italian,http://en.wikipedia.org/wiki/Giorgio_Bassi,390,1934,1,20
430,beaufort,,,Carel Godin,de Beaufort,4/10/34,Dutch,http://en.wikipedia.org/wiki/Carel_Godin_de_Beaufort,391,1934,4,10
432,cabral,,,Mário de Araújo,Cabral,1/15/34,Portuguese,http://en.wikipedia.org/wiki/Mario_de_Araujo_Cabral,392,1934,1,15
443,ernesto_brambilla,,,Ernesto,Brambilla,1/31/34,Italian,http://en.wikipedia.org/wiki/Ernesto_Brambilla,393,1934,1,31
480,may,,,Michael,May,8/18/34,Swiss,http://en.wikipedia.org/wiki/Michael_May_(racing_driver),394,1934,8,18
485,bordeu,,,Juan Manuel,Bordeu,1/28/34,Argentine,http://en.wikipedia.org/wiki/Juan_Manuel_Bordeu,395,1934,1,28
488,monteverdi,,,Peter,Monteverdi,6/7/34,Swiss,http://en.wikipedia.org/wiki/Peter_Monteverdi,396,1934,6,7
497,larreta,,,Alberto Rodriguez,Larreta,1/14/34,Argentine,http://en.wikipedia.org/wiki/Alberto_Rodriguez_Larreta,397,1934,1,14
530,weiler,,,Wayne,Weiler,12/9/34,American,http://en.wikipedia.org/wiki/Wayne_Weiler,398,1934,12,9
540,mike_taylor,,,Mike,Taylor,4/24/34,British,http://en.wikipedia.org/wiki/Mike_Taylor_(driver),399,1934,4,24
569,ashdown,,,Peter,Ashdown,10/16/34,British,http://en.wikipedia.org/wiki/Peter_Ashdown,400,1934,10,16
605,bridger,,,Tom,Bridger,6/24/34,British,http://en.wikipedia.org/wiki/Tom_Bridger,401,1934,6,24
325,facetti,,,Carlo,Facetti,6/26/35,Italian,http://en.wikipedia.org/wiki/Carlo_Facetti,402,1935,6,26
343,brack,,,Bill,Brack,12/26/35,Canadian,http://en.wikipedia.org/wiki/Bill_Brack,403,1935,12,26
350,elford,,,Vic,Elford,6/10/35,British,http://en.wikipedia.org/wiki/Vic_Elford,404,1935,6,10
362,klerk,,,Peter,de Klerk,3/16/35,South African,http://en.wikipedia.org/wiki/Peter_de_Klerk,405,1935,3,16
365,hahne,,,Hubert,Hahne,3/28/35,German,http://en.wikipedia.org/wiki/Hubert_Hahne,406,1935,3,28
372,cordts,,,John,Cordts,7/23/35,Canadian,http://en.wikipedia.org/wiki/John_Cordts,407,1935,7,23
382,solana,,,Moisés,Solana,12/26/35,Mexican,http://en.wikipedia.org/wiki/Mois%C3%A9s_Solana,408,1935,12,26
385,bandini,,,Lorenzo,Bandini,12/21/35,Italian,http://en.wikipedia.org/wiki/Lorenzo_Bandini,409,1935,12,21
409,blokdyk,,,Trevor,Blokdyk,11/30/35,South African,http://en.wikipedia.org/wiki/Trevor_Blokdyk,410,1935,11,30
423,mitter,,,Gerhard,Mitter,8/30/35,German,http://en.wikipedia.org/wiki/Gerhard_Mitter,411,1935,8,30
440,hall,,,Jim,Hall,7/23/35,American,http://en.wikipedia.org/wiki/Jim_Hall_(race_car_driver),412,1935,7,23
487,natili,,,Massimo,Natili,7/28/35,Italian,http://en.wikipedia.org/wiki/Massimo_Natili,413,1935,7,28
531,foyt,,,Anthony,Foyt,1/16/35,American,http://en.wikipedia.org/wiki/A.J._Foyt,414,1935,1,16
293,charlton,,,Dave,Charlton,10/27/36,South African,http://en.wikipedia.org/wiki/Dave_Charlton,415,1936,10,27
304,hulme,,,Denny,Hulme,6/18/36,New Zealander,http://en.wikipedia.org/wiki/Denny_Hulme,416,1936,6,18
342,barber,,,Skip,Barber,11/16/36,American,http://en.wikipedia.org/wiki/Skip_Barber,417,1936,11,16
346,siffert,,,Jo,Siffert,7/7/36,Swiss,http://en.wikipedia.org/wiki/Jo_Siffert,418,1936,7,7
373,clark,,,Jim,Clark,3/4/36,British,http://en.wikipedia.org/wiki/Jim_Clark,419,1936,3,4
374,spence,,,Mike,Spence,12/30/36,British,http://en.wikipedia.org/wiki/Mike_Spence,420,1936,12,30
391,hart,,,Brian,Hart,9/7/36,British,http://en.wikipedia.org/wiki/Brian_Hart,421,1936,9,7
401,trevor_taylor,,,Trevor,Taylor,12/26/36,British,http://en.wikipedia.org/wiki/Trevor_Taylor,422,1936,12,26
405,bucknum,,,Ronnie,Bucknum,4/5/36,American,http://en.wikipedia.org/wiki/Ronnie_Bucknum,423,1936,4,5
453,lewis,,,Jackie,Lewis,11/1/36,British,http://en.wikipedia.org/wiki/Jackie_Lewis,424,1936,11,1
457,pon,,,Ben,Pon,12/9/36,Dutch,http://en.wikipedia.org/wiki/Ben_Pon,425,1936,12,9
460,ashmore,,,Gerry,Ashmore,7/25/36,British,http://en.wikipedia.org/wiki/Gerry_Ashmore,426,1936,7,25
508,reventlow,,,Lance,Reventlow,2/24/36,American,http://en.wikipedia.org/wiki/Lance_Reventlow,427,1936,2,24
584,kessler,,,Bruce,Kessler,3/23/36,American,http://en.wikipedia.org/wiki/Bruce_Kessler,428,1936,3,23
230,brambilla,,,Vittorio,Brambilla,11/11/37,Italian,http://en.wikipedia.org/wiki/Vittorio_Brambilla,429,1937,11,11
288,donohue,,,Mark,Donohue,3/18/37,American,http://en.wikipedia.org/wiki/Mark_Donohue,430,1937,3,18
306,beltoise,,,Jean-Pierre,Beltoise,4/26/37,French,http://en.wikipedia.org/wiki/Jean-Pierre_Beltoise,431,1937,4,26
312,redman,,,Brian,Redman,3/9/37,British,http://en.wikipedia.org/wiki/Brian_Redman,432,1937,3,9
331,bueno,,,Luiz,Bueno,1/16/37,Brazilian,http://en.wikipedia.org/wiki/Luiz_Bueno,433,1937,1,16
360,mclaren,,,Bruce,McLaren,8/30/37,New Zealander,http://en.wikipedia.org/wiki/Bruce_McLaren,434,1937,8,30
366,hutchison,,,Gus,Hutchison,4/26/37,American,http://en.wikipedia.org/wiki/Gus_Hutchison,435,1937,4,26
402,geki,,,Giacomo,Russo,10/23/37,Italian,http://en.wikipedia.org/wiki/Geki_(driver),436,1937,10,23
406,hawkins,,,Paul,Hawkins,10/12/37,Australian,http://en.wikipedia.org/wiki/Paul_Hawkins_(racing_driver),437,1937,10,12
407,prophet,,,David,Prophet,10/9/37,British,http://en.wikipedia.org/wiki/David_Prophet,438,1937,10,9
408,maggs,,,Tony,Maggs,2/9/37,South African,http://en.wikipedia.org/wiki/Tony_Maggs,439,1937,2,9
445,seiffert,,,Günther,Seiffert,10/18/37,German,http://en.wikipedia.org/wiki/G%C3%BCnther_Seiffert,440,1937,10,18
464,shelly,,,Tony,Shelly,2/2/37,New Zealander,http://en.wikipedia.org/wiki/Tony_Shelly,441,1937,2,2
468,penske,,,Roger,Penske,2/20/37,American,http://en.wikipedia.org/wiki/Roger_Penske,442,1937,2,20
471,johnstone,,,Bruce,Johnstone,1/30/37,South African,http://en.wikipedia.org/wiki/Bruce_Johnstone_(racing_driver),443,1937,1,30
473,hocking,,,Gary,Hocking,9/30/37,Rhodesian,http://en.wikipedia.org/wiki/Gary_Hocking,444,1937,9,30
505,bristow,,,Chris,Bristow,12/2/37,British,http://en.wikipedia.org/wiki/Chris_Bristow,445,1937,12,2
248,gimax,,,Carlo,Franchi,1/1/38,Italian,http://en.wikipedia.org/wiki/Gimax,446,1938,1,1
326,wietzes,,,Eppie,Wietzes,5/28/38,Canadian,http://en.wikipedia.org/wiki/Eppie_Wietzes,447,1938,5,28
367,westbury,,,Peter,Westbury,5/26/38,British,http://en.wikipedia.org/wiki/Peter_Westbury,448,1938,5,26
390,rees,,,Alan,Rees,1/12/38,British,http://en.wikipedia.org/wiki/Alan_Rees_(racing_driver),449,1938,1,12
410,lederle,,,Neville,Lederle,9/25/38,South African,http://en.wikipedia.org/wiki/Neville_Lederle,450,1938,9,25
413,pieterse,,,Ernie,Pieterse,7/4/38,South African,http://en.wikipedia.org/wiki/Ernie_Pieterse,451,1938,7,4
465,greene,,,Keith,Greene,1/5/38,British,http://en.wikipedia.org/wiki/Keith_Greene,452,1938,1,5
470,mayer,,,Timmy,Mayer,2/22/38,American,http://en.wikipedia.org/wiki/Timmy_Mayer,453,1938,2,22
567,orey,,,Fritz,d'Orey,3/25/38,Brazilian,http://en.wikipedia.org/wiki/Fritz_d%27Orey,454,1938,3,25
223,regazzoni,,,Clay,Regazzoni,9/5/39,Swiss,http://en.wikipedia.org/wiki/Clay_Regazzoni,455,1939,9,5
260,andersson,,,Conny,Andersson,12/28/39,Swedish,http://en.wikipedia.org/wiki/Conny_Andersson_(racing_driver),456,1939,12,28
309,revson,,,Peter,Revson,2/27/39,American,http://en.wikipedia.org/wiki/Peter_Revson,457,1939,2,27
322,hobbs,,,David,Hobbs,6/9/39,British,http://en.wikipedia.org/wiki/David_Hobbs_(racing_driver),458,1939,6,9
323,quester,,,Dieter,Quester,5/30/39,Austrian,http://en.wikipedia.org/wiki/Dieter_Quester,459,1939,5,30
328,stewart,,,Jackie,Stewart,6/11/39,British,http://en.wikipedia.org/wiki/Jackie_Stewart,460,1939,6,11
354,craft,,,Chris,Craft,11/17/39,British,http://en.wikipedia.org/wiki/Chris_Craft_(racing_driver),461,1939,11,17
369,rooyen,,,Basil,van Rooyen,4/19/39,South African,http://en.wikipedia.org/wiki/Basil_van_Rooyen,462,1939,4,19
412,niemann,,,Brausch,Niemann,1/7/39,South African,http://en.wikipedia.org/wiki/Brausch_Niemann,463,1939,1,7
472,harris,,,Mike,Harris,5/25/39,South African,http://en.wikipedia.org/wiki/Mike_Harris_(race_car_driver),464,1939,5,25
207,mario_andretti,,,Mario,Andretti,2/28/40,American,http://en.wikipedia.org/wiki/Mario_Andretti,465,1940,2,28
272,takahashi,,,Kunimitsu,Takahashi,1/29/40,Japanese,http://en.wikipedia.org/wiki/Kunimitsu_Takahashi,466,1940,1,29
305,hailwood,,,Mike,Hailwood,4/2/40,British,http://en.wikipedia.org/wiki/Mike_Hailwood,467,1940,4,2
315,larrousse,,,Gérard,Larrousse,5/23/40,French,http://en.wikipedia.org/wiki/G%C3%A9rard_Larrousse,468,1940,5,23
320,gethin,,,Peter,Gethin,2/21/40,British,http://en.wikipedia.org/wiki/Peter_Gethin,469,1940,2,21
329,beuttler,,,Mike,Beuttler,4/13/40,British,http://en.wikipedia.org/wiki/Mike_Beuttler,470,1940,4,13
330,galli,,,Nanni,Galli,10/2/40,Italian,http://en.wikipedia.org/wiki/Nanni_Galli,471,1940,10,2
336,mcrae,,,Graham,McRae,3/5/40,New Zealander,http://en.wikipedia.org/wiki/Graham_McRae,472,1940,3,5
345,rodriguez,,,Pedro,Rodríguez,1/18/40,Mexican,http://en.wikipedia.org/wiki/Pedro_Rodr%C3%ADguez_(racing_driver),473,1940,1,18
370,attwood,,,Richard,Attwood,4/4/40,British,http://en.wikipedia.org/wiki/Richard_Attwood,474,1940,4,4
379,ahrens,,,Kurt,Ahrens,4/19/40,German,"http://en.wikipedia.org/wiki/Kurt_Ahrens,_Jr.",475,1940,4,19
493,ryan,,,Peter,Ryan,6/10/40,Canadian,http://en.wikipedia.org/wiki/Peter_Ryan_(driver),476,1940,6,10
275,lombardi,,,Lella,Lombardi,3/26/41,Italian,http://en.wikipedia.org/wiki/Lella_Lombardi,477,1941,3,26
300,nicholson,,,John,Nicholson,10/6/41,New Zealander,http://en.wikipedia.org/wiki/John_Nicholson_(racing_driver),478,1941,10,6
307,ganley,,,Howden,Ganley,12/24/41,New Zealander,http://en.wikipedia.org/wiki/Howden_Ganley,479,1941,12,24
317,wisell,,,Reine,Wisell,9/30/41,Swedish,http://en.wikipedia.org/wiki/Reine_Wisell,480,1941,9,30
321,bell,,,Derek,Bell,10/31/41,British,http://en.wikipedia.org/wiki/Derek_Bell_(auto_racer),481,1941,10,31
333,adamich,,,Andrea,de Adamich,10/3/41,Italian,http://en.wikipedia.org/wiki/Andrea_de_Adamich,482,1941,10,3
338,walker,,,David,Walker,6/10/41,Australian,http://en.wikipedia.org/wiki/David_Walker_(racing_driver),483,1941,6,10
351,moser,,,Silvio,Moser,4/24/41,Swiss,http://en.wikipedia.org/wiki/Silvio_Moser,484,1941,4,24
363,giunti,,,Ignazio,Giunti,8/30/41,Italian,http://en.wikipedia.org/wiki/Ignazio_Giunti,485,1941,8,30
414,puzey,,,Clive,Puzey,7/11/41,Rhodesian,http://en.wikipedia.org/wiki/Clive_Puzey,486,1941,7,11
450,vos,,,Ernie,de Vos,7/1/41,Dutch,http://en.wikipedia.org/wiki/Ernie_de_Vos,487,1941,7,1
199,reutemann,,,Carlos,Reutemann,4/12/42,Argentine,http://en.wikipedia.org/wiki/Carlos_Reutemann,488,1942,4,12
219,jabouille,,,Jean-Pierre,Jabouille,10/1/42,French,http://en.wikipedia.org/wiki/Jean-Pierre_Jabouille,489,1942,10,1
240,ongais,,,Danny,Ongais,5/21/42,American,http://en.wikipedia.org/wiki/Danny_Ongais,490,1942,5,21
262,oliver,,,Jackie,Oliver,8/14/42,British,http://en.wikipedia.org/wiki/Jackie_Oliver,491,1942,8,14
265,edwards,,,Guy,Edwards,12/30/42,British,http://en.wikipedia.org/wiki/Guy_Edwards,492,1942,12,30
269,pilette,,,Teddy,Pilette,7/26/42,Belgian,http://en.wikipedia.org/wiki/Teddy_Pilette,493,1942,7,26
280,pescarolo,,,Henri,Pescarolo,9/25/42,French,http://en.wikipedia.org/wiki/Henri_Pescarolo,494,1942,9,25
284,pesenti_rossi,,,Alessandro,Pesenti-Rossi,8/31/42,Italian,http://en.wikipedia.org/wiki/Alessandro_Pesenti-Rossi,495,1942,8,31
298,lennep,,,Gijs,van Lennep,3/16/42,Dutch,http://en.wikipedia.org/wiki/Gijs_Van_Lennep,496,1942,3,16
303,vonlanthen,,,Jo,Vonlanthen,5/31/42,Swiss,http://en.wikipedia.org/wiki/Jo_Vonlanthen,497,1942,5,31
311,belso,,,Tom,Belsø,8/27/42,Danish,http://en.wikipedia.org/wiki/Tom_Bels%C3%B8,498,1942,8,27
358,rindt,,,Jochen,Rindt,4/18/42,Austrian,http://en.wikipedia.org/wiki/Jochen_Rindt,499,1942,4,18
359,gavin,,,Johnny,Servoz-Gavin,1/18/42,French,http://en.wikipedia.org/wiki/Johnny_Servoz-Gavin,500,1942,1,18
361,courage,,,Piers,Courage,5/27/42,British,http://en.wikipedia.org/wiki/Piers_Courage,501,1942,5,27
378,widdows,,,Robin,Widdows,5/27/42,British,http://en.wikipedia.org/wiki/Robin_Widdows,502,1942,5,27
388,irwin,,,Chris,Irwin,6/27/42,British,http://en.wikipedia.org/wiki/Chris_Irwin,503,1942,6,27
395,williams,,,Jonathan,Williams,10/26/42,British,http://en.wikipedia.org/wiki/Jonathan_Williams_(racing_driver),504,1942,10,26
454,ricardo_rodriguez,,,Ricardo,Rodríguez,2/14/42,Mexican,http://en.wikipedia.org/wiki/Ricardo_Rodr%C3%ADguez_(Formula_One),505,1942,2,14
172,laffite,,,Jacques,Laffite,11/21/43,French,http://en.wikipedia.org/wiki/Jacques_Laffite,506,1943,11,21
232,merzario,,,Arturo,Merzario,3/11/43,Italian,http://en.wikipedia.org/wiki/Arturo_Merzario,507,1943,3,11
243,stommelen,,,Rolf,Stommelen,7/11/43,German,http://en.wikipedia.org/wiki/Rolf_Stommelen,508,1943,7,11
245,trimmer,,,Tony,Trimmer,1/24/43,British,http://en.wikipedia.org/wiki/Tony_Trimmer,509,1943,1,24
267,schuppan,,,Vern,Schuppan,3/19/43,Australian,http://en.wikipedia.org/wiki/Vern_Schuppan,510,1943,3,19
268,heyer,,,Hans,Heyer,3/16/43,German,http://en.wikipedia.org/wiki/Hans_Heyer,511,1943,3,16
278,amon,,,Chris,Amon,7/20/43,New Zealander,http://en.wikipedia.org/wiki/Chris_Amon,512,1943,7,20
290,wilson_fittipaldi,,,Wilson,Fittipaldi,12/25/43,Brazilian,http://en.wikipedia.org/wiki/Wilson_Fittipaldi,513,1943,12,25
314,schenken,,,Tim,Schenken,9/26/43,Australian,http://en.wikipedia.org/wiki/Tim_Schenken,514,1943,9,26
316,kinnunen,,,Leo,Kinnunen,8/5/43,Finnish,http://en.wikipedia.org/wiki/Leo_Kinnunen,515,1943,8,5
318,roos,,,Bertil,Roos,10/12/43,Swedish,http://en.wikipedia.org/wiki/Bertil_Roos,516,1943,10,12
337,marko,,,Helmut,Marko,4/27/43,Austrian,http://en.wikipedia.org/wiki/Helmut_Marko,517,1943,4,27
348,mazet,,,François,Mazet,2/24/43,French,http://en.wikipedia.org/wiki/Fran%C3%A7ois_Mazet,518,1943,2,24
349,jean,,,Max,Jean,7/27/43,French,http://en.wikipedia.org/wiki/Max_Jean,519,1943,7,27
357,miles,,,John,Miles,6/14/43,British,http://en.wikipedia.org/wiki/John_Miles_(auto_racer),520,1943,6,14
392,fisher,,,Mike,Fisher,3/13/43,American,http://en.wikipedia.org/wiki/Mike_Fisher_(driver),521,1943,3,13
393,tom_jones,,,Tom,Jones,4/26/43,American,http://en.wikipedia.org/wiki/Tom_Jones_(auto_racer),522,1943,4,26
421,rollinson,,,Alan,Rollinson,5/15/43,British,http://en.wikipedia.org/wiki/Alan_Rollinson,523,1943,5,15
221,depailler,,,Patrick,Depailler,8/9/44,French,http://en.wikipedia.org/wiki/Patrick_Depailler,524,1944,8,9
238,peterson,,,Ronnie,Peterson,2/14/44,Swedish,http://en.wikipedia.org/wiki/Ronnie_Peterson,525,1944,2,14
242,galica,,,Divina,Galica,8/13/44,British,http://en.wikipedia.org/wiki/Divina_Galica,526,1944,8,13
250,pace,,,Carlos,Pace,10/6/44,Brazilian,http://en.wikipedia.org/wiki/Carlos_Pace,527,1944,10,6
279,zapico,,,Emilio,Zapico,5/27/44,Spanish,http://en.wikipedia.org/wiki/Emilio_Zapico,528,1944,5,27
281,nelleman,,,Jac,Nelleman,4/19/44,Danish,http://en.wikipedia.org/wiki/Jac_Nelleman,529,1944,4,19
292,keizan,,,Eddie,Keizan,9/12/44,South African,http://en.wikipedia.org/wiki/Eddie_Keizan,530,1944,9,12
296,migault,,,François,Migault,12/4/44,French,http://en.wikipedia.org/wiki/Fran%C3%A7ois_Migault,531,1944,12,4
301,morgan,,,Dave,Morgan,8/7/44,British,http://en.wikipedia.org/wiki/Dave_Morgan_(racing_driver),532,1944,8,7
308,robarts,,,Richard,Robarts,9/22/44,British,http://en.wikipedia.org/wiki/Richard_Robarts,533,1944,9,22
319,dolhem,,,José,Dolhem,4/26/44,French,http://en.wikipedia.org/wiki/Jos%C3%A9_Dolhem,534,1944,4,26
327,cevert,,,François,Cevert,2/25/44,French,http://en.wikipedia.org/wiki/Fran%C3%A7ois_Cevert,535,1944,2,25
344,posey,,,Sam,Posey,5/26/44,American,http://en.wikipedia.org/wiki/Sam_Posey,536,1944,5,26
235,ickx,,,Jacky,Ickx,1/1/45,Belgian,http://en.wikipedia.org/wiki/Jacky_Ickx,537,1945,1,1
239,lunger,,,Brett,Lunger,11/14/45,American,http://en.wikipedia.org/wiki/Brett_Lunger,538,1945,11,14
259,purley,,,David,Purley,1/26/45,British,http://en.wikipedia.org/wiki/David_Purley,539,1945,1,26
266,mcguire,,,Brian,McGuire,12/13/45,Australian,http://en.wikipedia.org/wiki/Brian_McGuire,540,1945,12,13
282,magee,,,Damien,Magee,11/17/45,British,http://en.wikipedia.org/wiki/Damien_Magee,541,1945,11,17
287,hasemi,,,Masahiro,Hasemi,11/13/45,Japanese,http://en.wikipedia.org/wiki/Masahiro_Hasemi,542,1945,11,13
352,eaton,,,George,Eaton,11/12/45,Canadian,http://en.wikipedia.org/wiki/George_Eaton,543,1945,11,12
452,monarch,,,Thomas,Monarch,9/3/45,American,,544,1945,9,3
178,jones,,,Alan,Jones,11/2/46,Australian,http://en.wikipedia.org/wiki/Alan_Jones_(Formula_1),545,1946,11,2
187,watson,,,John,Watson,5/4/46,British,http://en.wikipedia.org/wiki/John_Watson_(racing_driver),546,1946,5,4
197,jarier,,,Jean-Pierre,Jarier,7/10/46,French,http://en.wikipedia.org/wiki/Jean-Pierre_Jarier,547,1946,7,10
200,mass,,,Jochen,Mass,9/30/46,German,http://en.wikipedia.org/wiki/Jochen_Mass,548,1946,9,30
201,borgudd,,,Slim,Borgudd,11/25/46,Swedish,http://en.wikipedia.org/wiki/Slim_Borgudd,549,1946,11,25
205,henton,,,Brian,Henton,9/19/46,British,http://en.wikipedia.org/wiki/Brian_Henton,550,1946,9,19
208,villota,,,Emilio,de Villota,7/26/46,Spanish,http://en.wikipedia.org/wiki/Emilio_de_Villota,551,1946,7,26
224,emerson_fittipaldi,,,Emerson,Fittipaldi,12/12/46,Brazilian,http://en.wikipedia.org/wiki/Emerson_Fittipaldi,552,1946,12,12
244,colombo,,,Alberto,Colombo,2/23/46,Italian,http://en.wikipedia.org/wiki/Alberto_Colombo,553,1946,2,23
254,zorzi,,,Renzo,Zorzi,12/12/46,Italian,http://en.wikipedia.org/wiki/Renzo_Zorzi,554,1946,12,12
277,leclere,,,Michel,Leclère,3/18/46,French,http://en.wikipedia.org/wiki/Michel_Lecl%C3%A8re,555,1946,3,18
283,wilds,,,Mike,Wilds,1/7/46,British,http://en.wikipedia.org/wiki/Mike_Wilds,556,1946,1,7
299,fushida,,,Hiroshi,Fushida,3/10/46,Japanese,http://en.wikipedia.org/wiki/Hiroshi_Fushida,557,1946,3,10
220,francia,,,Giorgio,Francia,11/8/47,Italian,http://en.wikipedia.org/wiki/Giorgio_Francia,558,1947,11,8
231,hunt,,,James,Hunt,8/29/47,British,http://en.wikipedia.org/wiki/James_Hunt,559,1947,8,29
251,ian_scheckter,,,Ian,Scheckter,8/22/47,South African,http://en.wikipedia.org/wiki/Ian_Scheckter,560,1947,8,22
264,sutcliffe,,,Andy,Sutcliffe,5/9/47,British,http://en.wikipedia.org/wiki/Andy_Sutcliffe,561,1947,5,9
270,ashley,,,Ian,Ashley,10/26/47,British,http://en.wikipedia.org/wiki/Ian_Ashley,562,1947,10,26
273,hoshino,,,Kazuyoshi,Hoshino,7/1/47,Japanese,http://en.wikipedia.org/wiki/Kazuyoshi_Hoshino,563,1947,7,1
276,evans,,,Bob,Evans,6/11/47,British,http://en.wikipedia.org/wiki/Bob_Evans_(race_driver),564,1947,6,11
285,stuppacher,,,Otto,Stuppacher,3/3/47,Austrian,http://en.wikipedia.org/wiki/Otto_Stuppacher,565,1947,3,3
297,palm,,,Torsten,Palm,7/23/47,Swedish,http://en.wikipedia.org/wiki/Torsten_Palm,566,1947,7,23
313,opel,,,Rikky,von Opel,10/14/47,Liechtensteiner,http://en.wikipedia.org/wiki/Rikky_von_Opel,567,1947,10,14
163,arnoux,,,René,Arnoux,7/4/48,French,http://en.wikipedia.org/wiki/Ren%C3%A9_Arnoux,568,1948,7,4
168,schlesser,,,Jean-Louis,Schlesser,9/12/48,French,http://en.wikipedia.org/wiki/Jean-Louis_Schlesser,569,1948,9,12
177,keke_rosberg,,,Keke,Rosberg,12/6/48,Finnish,http://en.wikipedia.org/wiki/Keke_Rosberg,570,1948,12,6
229,ertl,,,Harald,Ertl,8/31/48,Austrian,http://en.wikipedia.org/wiki/Harald_Ertl,571,1948,8,31
237,ribeiro,,,Alex,Ribeiro,11/7/48,Brazilian,http://en.wikipedia.org/wiki/Alex_Ribeiro,572,1948,11,7
246,binder,,,Hans,Binder,6/12/48,Austrian,http://en.wikipedia.org/wiki/Hans_Binder,573,1948,6,12
255,nilsson,,,Gunnar,Nilsson,11/20/48,Swedish,http://en.wikipedia.org/wiki/Gunnar_Nilsson,574,1948,11,20
263,kozarowitzky,,,Mikko,Kozarowitzky,5/17/48,Finnish,http://en.wikipedia.org/wiki/Mikko_Kozarowitzky,575,1948,5,17
291,tunmer,,,Guy,Tunmer,12/1/48,South African,http://en.wikipedia.org/wiki/Guy_Tunmer,576,1948,12,1
295,wunderink,,,Roelof,Wunderink,12/12/48,Dutch,http://en.wikipedia.org/wiki/Roelof_Wunderink,577,1948,12,12
302,crawford,,,Jim,Crawford,2/13/48,British,http://en.wikipedia.org/wiki/Jim_Crawford_(driver),578,1948,2,13
324,koinigg,,,Helmuth,Koinigg,11/3/48,Austrian,http://en.wikipedia.org/wiki/Helmuth_Koinigg,579,1948,11,3
335,williamson,,,Roger,Williamson,2/2/48,British,http://en.wikipedia.org/wiki/Roger_Williamson,580,1948,2,2
175,tambay,,,Patrick,Tambay,6/25/49,French,http://en.wikipedia.org/wiki/Patrick_Tambay,581,1949,6,25
182,lauda,,,Niki,Lauda,2/22/49,Austrian,http://en.wikipedia.org/wiki/Niki_Lauda,582,1949,2,22
217,zunino,,,Ricardo,Zunino,4/13/49,Argentine,http://en.wikipedia.org/wiki/Ricardo_Zunino,583,1949,4,13
218,londono,,,Ricardo,Londoño,8/8/49,Colombian,http://en.wikipedia.org/wiki/Ricardo_Londo%C3%B1o,584,1949,8,8
247,bleekemolen,,,Michael,Bleekemolen,10/2/49,Dutch,http://en.wikipedia.org/wiki/Michael_Bleekemolen,585,1949,10,2
252,pryce,,,Tom,Pryce,6/11/49,British,http://en.wikipedia.org/wiki/Tom_Pryce,586,1949,6,11
257,hayje,,,Boy,Lunger,5/3/49,Dutch,http://en.wikipedia.org/wiki/Boy_Hayje,587,1949,5,3
258,neve,,,Patrick,Nève,10/13/49,Belgian,http://en.wikipedia.org/wiki/Patrick_Neve,588,1949,10,13
286,brown,,,Warwick,Brown,12/24/49,Australian,http://en.wikipedia.org/wiki/Warwick_Brown,589,1949,12,24
193,sullivan,,,Danny,Sullivan,3/9/50,American,http://en.wikipedia.org/wiki/Danny_Sullivan,590,1950,3,9
203,gilles_villeneuve,,,Gilles,Villeneuve,1/18/50,Canadian,http://en.wikipedia.org/wiki/Gilles_Villeneuve,591,1950,1,18
222,scheckter,,,Jody,Scheckter,1/29/50,South African,http://en.wikipedia.org/wiki/Jody_Scheckter,592,1950,1,29
234,brancatelli,,,Gianfranco,Brancatelli,1/18/50,Italian,http://en.wikipedia.org/wiki/Gianfranco_Brancatelli,593,1950,1,18
256,perkins,,,Larry,Perkins,3/18/50,Australian,http://en.wikipedia.org/wiki/Larry_Perkins,594,1950,3,18
271,kessel,,,Loris,Kessel,4/1/50,Swiss,http://en.wikipedia.org/wiki/Loris_Kessel,595,1950,4,1
176,surer,,,Marc,Surer,9/18/51,Swiss,http://en.wikipedia.org/wiki/Marc_Surer,596,1951,9,18
181,manfred_winkelhock,,,Manfred,Winkelhock,10/6/51,German,http://en.wikipedia.org/wiki/Manfred_Winkelhock,597,1951,10,6
209,lees,,,Geoff,Lees,5/1/51,British,http://en.wikipedia.org/wiki/Geoff_Lees,598,1951,5,1
227,needell,,,Tiff,Needell,10/29/51,British,http://en.wikipedia.org/wiki/Tiff_Needell,599,1951,10,29
233,stuck,,,Hans-Joachim,Stuck,1/1/51,German,http://en.wikipedia.org/wiki/Hans_Joachim_Stuck,600,1951,1,1
274,takahara,,,Noritake,Takahara,6/6/51,Japanese,http://en.wikipedia.org/wiki/Noritake_Takahara,601,1951,6,6
137,piquet,,,Nelson,Piquet,8/17/52,Brazilian,http://en.wikipedia.org/wiki/Nelson_Piquet,602,1952,8,17
152,giacomelli,,,Bruno,Giacomelli,9/10/52,Italian,http://en.wikipedia.org/wiki/Bruno_Giacomelli,603,1952,9,10
160,ghinzani,,,Piercarlo,Ghinzani,1/16/52,Italian,http://en.wikipedia.org/wiki/Piercarlo_Ghinzani,604,1952,1,16
202,pironi,,,Didier,Pironi,3/26/52,French,http://en.wikipedia.org/wiki/Didier_Pironi,605,1952,3,26
216,stohr,,,Siegfried,Stohr,10/10/52,Italian,http://en.wikipedia.org/wiki/Siegfried_Stohr,606,1952,10,10
226,south,,,Stephen,South,2/19/52,British,http://en.wikipedia.org/wiki/Stephen_South,607,1952,2,19
236,gaillard,,,Patrick,Gaillard,2/12/52,French,http://en.wikipedia.org/wiki/Patrick_Gaillard,608,1952,2,12
261,dryver,,,Bernard,de Dryver,9/19/52,Belgian,http://en.wikipedia.org/wiki/Bernard_de_Dryver,609,1952,9,19
294,brise,,,Tony,Brise,3/28/52,British,http://en.wikipedia.org/wiki/Tony_Brise,610,1952,3,28
95,mansell,,,Nigel,Mansell,8/8/53,British,http://en.wikipedia.org/wiki/Nigel_Mansell,611,1953,8,8
138,satoru_nakajima,,,Satoru,Nakajima,2/23/53,Japanese,http://en.wikipedia.org/wiki/Satoru_Nakajima,612,1953,2,23
198,villeneuve_sr,,,Jacques,Villeneuve Sr.,11/4/53,Canadian,http://en.wikipedia.org/wiki/Jacques_Villeneuve_(elder),613,1953,11,4
206,daly,,,Derek,Daly,3/11/53,Irish,http://en.wikipedia.org/wiki/Derek_Daly,614,1953,3,11
215,guerra,,,Miguel Ángel,Guerra,8/31/53,Argentine,http://en.wikipedia.org/wiki/Miguel_Angel_Guerra,615,1953,8,31
225,kennedy,,,Dave,Kennedy,1/15/53,Irish,http://en.wikipedia.org/wiki/David_Kennedy_(racing_driver),616,1953,1,15
228,desire_wilson,,,Desiré,Wilson,11/26/53,South African,http://en.wikipedia.org/wiki/Desir%C3%A9_Wilson,617,1953,11,26
241,leoni,,,Lamberto,Leoni,5/24/53,Italian,http://en.wikipedia.org/wiki/Lamberto_Leoni,618,1953,5,24
249,rahal,,,Bobby,Rahal,1/10/53,American,http://en.wikipedia.org/wiki/Bobby_Rahal,619,1953,1,10
253,hoffmann,,,Ingo,Hoffmann,2/28/53,Brazilian,http://en.wikipedia.org/wiki/Ingo_Hoffmann,620,1953,2,28
112,alliot,,,Philippe,Alliot,7/27/54,French,http://en.wikipedia.org/wiki/Philippe_Alliot,621,1954,7,27
118,warwick,,,Derek,Warwick,8/27/54,British,http://en.wikipedia.org/wiki/Derek_Warwick,622,1954,8,27
119,patrese,,,Riccardo,Patrese,4/17/54,Italian,http://en.wikipedia.org/wiki/Riccardo_Patrese,623,1954,4,17
165,larrauri,,,Oscar,Larrauri,8/19/54,Argentine,http://en.wikipedia.org/wiki/Oscar_Larrauri,624,1954,8,19
179,rothengatter,,,Huub,Rothengatter,10/8/54,Dutch,http://en.wikipedia.org/wiki/Huub_Rothengatter,625,1954,10,8
184,baldi,,,Mauro,Baldi,1/31/54,Italian,http://en.wikipedia.org/wiki/Mauro_Baldi,626,1954,1,31
189,gartner,,,Jo,Gartner,1/24/54,Austrian,http://en.wikipedia.org/wiki/Jo_Gartner,627,1954,1,24
194,salazar,,,Eliseo,Salazar,11/14/54,Chilean,http://en.wikipedia.org/wiki/Eliseo_Salazar,628,1954,11,14
117,prost,,,Alain,Prost,2/24/55,French,http://en.wikipedia.org/wiki/Alain_Prost,629,1955,2,24
126,toshio_suzuki,,,Toshio,Suzuki,3/10/55,Japanese,http://en.wikipedia.org/wiki/Toshio_Suzuki_(driver),630,1955,3,10
166,streiff,,,Philippe,Streiff,6/26/55,French,http://en.wikipedia.org/wiki/Philippe_Streiff,631,1955,6,26
170,fabi,,,Teo,Fabi,3/9/55,Italian,http://en.wikipedia.org/wiki/Teo_Fabi,632,1955,3,9
211,keegan,,,Rupert,Keegan,2/26/55,British,http://en.wikipedia.org/wiki/Rupert_Keegan,633,1955,2,26
105,alboreto,,,Michele,Alboreto,12/23/56,Italian,http://en.wikipedia.org/wiki/Michele_Alboreto,634,1956,12,23
136,lammers,,,Jan,Lammers,6/2/56,Dutch,http://en.wikipedia.org/wiki/Jan_Lammers,635,1956,6,2
140,johansson,,,Stefan,Johansson,9/8/56,Swedish,http://en.wikipedia.org/wiki/Stefan_Johansson,636,1956,9,8
156,palmer,,,Jonathan,Palmer,11/7/56,British,http://en.wikipedia.org/wiki/Jonathan_Palmer,637,1956,11,7
183,hesnault,,,François,Hesnault,12/30/56,French,http://en.wikipedia.org/wiki/Fran%C3%A7ois_Hesnault,638,1956,12,30
188,cecotto,,,Johnny,Cecotto,1/25/56,Venezuelan,http://en.wikipedia.org/wiki/Johnny_Cecotto,639,1956,1,25
212,rebaque,,,Hector,Rebaque,2/5/56,Mexican,http://en.wikipedia.org/wiki/Hector_Rebaque,640,1956,2,5
214,cogan,,,Kevin,Cogan,3/31/56,American,http://en.wikipedia.org/wiki/Kevin_Cogan,641,1956,3,31
123,boutsen,,,Thierry,Boutsen,7/13/57,Belgian,http://en.wikipedia.org/wiki/Thierry_Boutsen,642,1957,7,13
185,bellof,,,Stefan,Bellof,11/20/57,German,http://en.wikipedia.org/wiki/Stefan_Bellof,643,1957,11,20
186,acheson,,,Kenny,Acheson,11/27/57,British,http://en.wikipedia.org/wiki/Kenny_Acheson,644,1957,11,27
192,serra,,,Chico,Serra,2/3/57,Brazilian,http://en.wikipedia.org/wiki/Chico_Serra,645,1957,2,3
196,boesel,,,Raul,Boesel,12/4/57,Brazilian,http://en.wikipedia.org/wiki/Raul_Boesel,646,1957,12,4
213,gabbiani,,,Beppe,Gabbiani,1/2/57,Italian,http://en.wikipedia.org/wiki/Beppe_Gabbiani,647,1957,1,2
86,lavaggi,,,Giovanni,Lavaggi,2/18/58,Italian,http://en.wikipedia.org/wiki/Giovanni_Lavaggi,648,1958,2,18
129,grouillard,,,Olivier,Grouillard,9/2/58,French,http://en.wikipedia.org/wiki/Olivier_Grouillard,649,1958,9,2
157,danner,,,Christian,Danner,4/4/58,German,http://en.wikipedia.org/wiki/Christian_Danner,650,1958,4,4
158,cheever,,,Eddie,Cheever,1/10/58,American,http://en.wikipedia.org/wiki/Eddie_Cheever,651,1958,1,10
171,forini,,,Franco,Forini,9/22/58,Swiss,http://en.wikipedia.org/wiki/Franco_Forini,652,1958,9,22
173,angelis,,,Elio,de Angelis,3/26/58,Italian,http://en.wikipedia.org/wiki/Elio_de_Angelis,653,1958,3,26
174,dumfries,,,Johnny,Dumfries,4/26/58,British,http://en.wikipedia.org/wiki/Johnny_Dumfries,654,1958,4,26
195,guerrero,,,Roberto,Guerrero,11/16/58,Colombian,http://en.wikipedia.org/wiki/Roberto_Guerrero,655,1958,11,16
204,paletti,,,Riccardo,Paletti,6/15/58,Italian,http://en.wikipedia.org/wiki/Riccardo_Paletti,656,1958,6,15
210,byrne,,,Tommy,Byrne,5/6/58,Irish,http://en.wikipedia.org/wiki/Tommy_Byrne_%28racing_driver%29,657,1958,5,6
77,berger,,,Gerhard,Berger,8/27/59,Austrian,http://en.wikipedia.org/wiki/Gerhard_Berger,658,1959,8,27
84,brundle,,,Martin,Brundle,6/1/59,British,http://en.wikipedia.org/wiki/Martin_Brundle,659,1959,6,1
90,moreno,,,Roberto,Moreno,2/11/59,Brazilian,http://en.wikipedia.org/wiki/Roberto_Moreno,660,1959,2,11
110,cesaris,,,Andrea,de Cesaris,5/31/59,Italian,http://en.wikipedia.org/wiki/Andrea_de_Cesaris,661,1959,5,31
132,amati,,,Giovanna,Amati,7/20/59,Italian,http://en.wikipedia.org/wiki/Giovanna_Amati,662,1959,7,20
145,nannini,,,Alessandro,Nannini,7/7/59,Italian,http://en.wikipedia.org/wiki/Alessandro_Nannini,663,1959,7,7
159,sala,,,Luis,Pérez-Sala,5/15/59,Spanish,http://en.wikipedia.org/wiki/Luis_Perez-Sala,664,1959,5,15
71,damon_hill,,,Damon,Hill,9/17/60,British,http://en.wikipedia.org/wiki/Damon_Hill,665,1960,9,17
88,suzuki,,,Aguri,Suzuki,9/8/60,Japanese,http://en.wikipedia.org/wiki/Aguri_Suzuki,666,1960,9,8
102,senna,,,Ayrton,Senna,3/21/60,Brazilian,http://en.wikipedia.org/wiki/Ayrton_Senna,667,1960,3,21
107,ratzenberger,,,Roland,Ratzenberger,7/4/60,Austrian,http://en.wikipedia.org/wiki/Roland_Ratzenberger,668,1960,7,4
149,langes,,,Claudio,Langes,7/20/60,Italian,http://en.wikipedia.org/wiki/Claudio_Langes,669,1960,7,20
164,joachim_winkelhock,,,Joachim,Winkelhock,10/24/60,German,http://en.wikipedia.org/wiki/Joachim_Winkelhock,670,1960,10,24
167,campos,,,Adrián,Campos,6/17/60,Spanish,http://en.wikipedia.org/wiki/Adri%C3%A1n_Campos,671,1960,6,17
169,fabre,,,Pascal,Fabre,1/9/60,French,http://en.wikipedia.org/wiki/Pascal_Fabre,672,1960,1,9
94,martini,,,Pierluigi,Martini,4/23/61,Italian,http://en.wikipedia.org/wiki/Pierluigi_Martini,673,1961,4,23
114,dalmas,,,Yannick,Dalmas,7/28/61,French,http://en.wikipedia.org/wiki/Yannick_Dalmas,674,1961,7,28
128,poele,,,Eric,van de Poele,9/30/61,Belgian,http://en.wikipedia.org/wiki/Eric_van_de_Poele,675,1961,9,30
135,mccarthy,,,Perry,McCarthy,3/3/61,British,http://en.wikipedia.org/wiki/Perry_McCarthy,676,1961,3,3
141,bailey,,,Julian,Bailey,10/9/61,British,http://en.wikipedia.org/wiki/Julian_Bailey,677,1961,10,9
147,barilla,,,Paolo,Barilla,4/20/61,Italian,http://en.wikipedia.org/wiki/Paolo_Barilla,678,1961,4,20
150,gary_brabham,,,Gary,Brabham,3/29/61,Australian,http://en.wikipedia.org/wiki/Gary_Brabham,679,1961,3,29
162,raphanel,,,Pierre-Henri,Raphanel,5/27/61,French,http://en.wikipedia.org/wiki/Pierre-Henri_Raphanel,680,1961,5,27
180,berg,,,Allen,Berg,8/1/61,Canadian,http://en.wikipedia.org/wiki/Allen_Berg,681,1961,8,1
190,corrado_fabi,,,Corrado,Fabi,4/12/61,Italian,http://en.wikipedia.org/wiki/Corrado_Fabi,682,1961,4,12
191,thackwell,,,Mike,Thackwell,3/30/61,New Zealander,http://en.wikipedia.org/wiki/Mike_Thackwell,683,1961,3,30
92,gachot,,,Bertrand,Gachot,12/23/62,Belgian,http://en.wikipedia.org/wiki/Bertrand_Gachot,684,1962,12,23
99,tarquini,,,Gabriele,Tarquini,3/2/62,Italian,http://en.wikipedia.org/wiki/Gabriele_Tarquini,685,1962,3,2
121,andretti,,,Michael,Andretti,10/5/62,American,http://en.wikipedia.org/wiki/Michael_Andretti,686,1962,10,5
139,pirro,,,Emanuele,Pirro,1/12/62,Italian,http://en.wikipedia.org/wiki/Emanuele_Pirro,687,1962,1,12
161,weidler,,,Volker,Weidler,3/18/62,German,http://en.wikipedia.org/wiki/Volker_Weidler,688,1962,3,18
79,katayama,,,Ukyo,Katayama,5/29/63,Japanese,http://en.wikipedia.org/wiki/Ukyo_Katayama,689,1963,5,29
89,inoue,,,Taki,Inoue,9/5/63,Japanese,http://en.wikipedia.org/wiki/Taki_Inoue,690,1963,9,5
98,deletraz,,,Jean-Denis,Délétraz,10/1/63,Swiss,http://en.wikipedia.org/wiki/Jean-Denis_Deletraz,691,1963,10,1
100,comas,,,Érik,Comas,9/28/63,French,http://en.wikipedia.org/wiki/%C3%89rik_Comas,692,1963,9,28
108,belmondo,,,Paul,Belmondo,4/23/63,French,http://en.wikipedia.org/wiki/Paul_Belmondo,693,1963,4,23
111,gounon,,,Jean-Marc,Gounon,1/1/63,French,http://en.wikipedia.org/wiki/Jean-Marc_Gounon,694,1963,1,1
120,barbazza,,,Fabrizio,Barbazza,4/2/63,Italian,http://en.wikipedia.org/wiki/Fabrizio_Barbazza,695,1963,4,2
122,capelli,,,Ivan,Capelli,5/24/63,Italian,http://en.wikipedia.org/wiki/Ivan_Capelli,696,1963,5,24
127,gugelmin,,,Maurício,Gugelmin,4/20/63,Brazilian,http://en.wikipedia.org/wiki/Maur%C3%ADcio_Gugelmin,697,1963,4,20
131,modena,,,Stefano,Modena,5/12/63,Italian,http://en.wikipedia.org/wiki/Stefano_Modena,698,1963,5,12
55,alesi,,,Jean,Alesi,6/11/64,French,http://en.wikipedia.org/wiki/Jean_Alesi,699,1964,6,11
65,herbert,,,Johnny,Herbert,6/25/64,British,http://en.wikipedia.org/wiki/Johnny_Herbert,700,1964,6,25
78,larini,,,Nicola,Larini,3/19/64,Italian,http://en.wikipedia.org/wiki/Nicola_Larini,701,1964,3,19
85,montermini,,,Andrea,Montermini,5/30/64,Italian,http://en.wikipedia.org/wiki/Andrea_Montermini,702,1964,5,30
103,bernard,,,Éric,Bernard,8/24/64,French,http://en.wikipedia.org/wiki/%C3%89ric_Bernard,703,1964,8,24
130,chiesa,,,Andrea,Chiesa,5/6/64,Swiss,http://en.wikipedia.org/wiki/Andrea_Chiesa,704,1964,5,6
133,caffi,,,Alex,Caffi,3/18/64,Italian,http://en.wikipedia.org/wiki/Alex_Caffi,705,1964,3,18
134,bertaggia,,,Enrico,Bertaggia,9/19/64,Italian,http://en.wikipedia.org/wiki/Enrico_Bertaggia,706,1964,9,19
146,schneider,,,Bernd,Schneider,7/20/64,German,http://en.wikipedia.org/wiki/Bernd_Schneider_(racecar_driver),707,1964,7,20
151,donnelly,,,Martin,Donnelly,3/26/64,British,http://en.wikipedia.org/wiki/Martin_Donnelly_(racing_driver),708,1964,3,26
56,irvine,,,Eddie,Irvine,11/10/65,British,http://en.wikipedia.org/wiki/Eddie_Irvine,709,1965,11,10
101,brabham,,,David,Brabham,9/5/65,Australian,http://en.wikipedia.org/wiki/David_Brabham,710,1965,9,5
124,apicella,,,Marco,Apicella,10/7/65,Italian,http://en.wikipedia.org/wiki/Marco_Apicella,711,1965,10,7
142,chaves,,,Pedro,Chaves,2/27/65,Portuguese,http://en.wikipedia.org/wiki/Pedro_Chaves,712,1965,2,27
148,foitek,,,Gregor,Foitek,3/27/65,Swiss,http://en.wikipedia.org/wiki/Gregor_Foitek,713,1965,3,27
44,panis,,,Olivier,Panis,9/2/66,French,http://en.wikipedia.org/wiki/Olivier_Panis,714,1966,9,2
63,salo,,,Mika,Salo,11/30/66,Finnish,http://en.wikipedia.org/wiki/Mika_Salo,715,1966,11,30
70,zanardi,,,Alessandro,Zanardi,10/23/66,Italian,http://en.wikipedia.org/wiki/Alex_Zanardi,716,1966,10,23
80,sospiri,,,Vincenzo,Sospiri,10/7/66,Italian,http://en.wikipedia.org/wiki/Vincenzo_Sospiri,717,1966,10,7
87,blundell,,,Mark,Blundell,4/8/66,British,http://en.wikipedia.org/wiki/Mark_Blundell,718,1966,4,8
109,lehto,,,Jyrki,Järvilehto,1/31/66,Finnish,http://en.wikipedia.org/wiki/Jyrki_J%C3%A4rvilehto,719,1966,1,31
144,hattori,,,Naoki,Hattori,6/13/66,Japanese,http://en.wikipedia.org/wiki/Naoki_Hattori,720,1966,6,13
49,frentzen,,,Heinz-Harald,Frentzen,5/18/67,German,http://en.wikipedia.org/wiki/Heinz-Harald_Frentzen,721,1967,5,18
93,schiattarella,,,Domenico,Schiattarella,11/17/67,Italian,http://en.wikipedia.org/wiki/Domenico_Schiattarella,722,1967,11,17
57,hakkinen,,,Mika,Häkkinen,9/28/68,Finnish,http://en.wikipedia.org/wiki/Mika_H%C3%A4kkinen,723,1968,9,28
73,rosset,,,Ricardo,Rosset,7/27/68,Brazilian,http://en.wikipedia.org/wiki/Ricardo_Rosset,724,1968,7,27
81,morbidelli,,,Gianni,Morbidelli,1/13/68,Italian,http://en.wikipedia.org/wiki/Gianni_Morbidelli,725,1968,1,13
91,wendlinger,,,Karl,Wendlinger,12/20/68,Austrian,http://en.wikipedia.org/wiki/Karl_Wendlinger,726,1968,12,20
116,lagorce,,,Franck,Lagorce,9/1/68,French,http://en.wikipedia.org/wiki/Franck_Lagorce,727,1968,9,1
125,naspetti,,,Emanuele,Naspetti,2/24/68,Italian,http://en.wikipedia.org/wiki/Emanuele_Naspetti,728,1968,2,24
143,bartels,,,Michael,Bartels,3/8/68,German,http://en.wikipedia.org/wiki/Michael_Bartels,729,1968,3,8
30,michael_schumacher,,MSC,Michael,Schumacher,1/3/69,German,http://en.wikipedia.org/wiki/Michael_Schumacher,730,1969,1,3
66,mcnish,,,Allan,McNish,12/29/69,British,http://en.wikipedia.org/wiki/Allan_McNish,731,1969,12,29
96,boullion,,,Jean-Christophe,Boullion,12/27/69,French,http://en.wikipedia.org/wiki/Jean-Christophe_Boullion,732,1969,12,27
97,papis,,,Massimiliano,Papis,10/3/69,Italian,http://en.wikipedia.org/wiki/Massimiliano_Papis,733,1969,10,3
106,beretta,,,Olivier,Beretta,11/23/69,Monegasque,http://en.wikipedia.org/wiki/Olivier_Beretta,734,1969,11,23
113,adams,,,Philippe,Adams,11/19/69,Belgian,http://en.wikipedia.org/wiki/Philippe_Adams,735,1969,11,19
115,noda,,,Hideki,Noda,3/7/69,Japanese,http://en.wikipedia.org/wiki/Hideki_Noda,736,1969,3,7
64,diniz,,,Pedro,Diniz,5/22/70,Brazilian,http://en.wikipedia.org/wiki/Pedro_Diniz,737,1970,5,22
14,coulthard,,COU,David,Coulthard,3/27/71,British,http://en.wikipedia.org/wiki/David_Coulthard,738,1971,3,27
35,villeneuve,,VIL,Jacques,Villeneuve,4/9/71,Canadian,http://en.wikipedia.org/wiki/Jacques_Villeneuve,739,1971,4,9
37,rosa,,DLR,Pedro,de la Rosa,2/24/71,Spanish,http://en.wikipedia.org/wiki/Pedro_de_la_Rosa,740,1971,2,24
69,badoer,,BAD,Luca,Badoer,1/25/71,Italian,http://en.wikipedia.org/wiki/Luca_Badoer,741,1971,1,25
75,nakano,,,Shinji,Nakano,4/1/71,Japanese,http://en.wikipedia.org/wiki/Shinji_Nakano,742,1971,4,1
104,fittipaldi,,,Christian,Fittipaldi,1/18/71,Brazilian,http://en.wikipedia.org/wiki/Christian_Fittipaldi,743,1971,1,18
22,barrichello,,BAR,Rubens,Barrichello,5/23/72,Brazilian,http://en.wikipedia.org/wiki/Rubens_Barrichello,744,1972,5,23
50,verstappen,,,Jos,Verstappen,3/4/72,Dutch,http://en.wikipedia.org/wiki/Jos_Verstappen,745,1972,3,4
83,lamy,,,Pedro,Lamy,3/20/72,Portuguese,http://en.wikipedia.org/wiki/Pedro_Lamy,746,1972,3,20
21,fisichella,,FIS,Giancarlo,Fisichella,1/14/73,Italian,http://en.wikipedia.org/wiki/Giancarlo_Fisichella,747,1973,1,14
43,matta,,,Cristiano,da Matta,9/19/73,Brazilian,http://en.wikipedia.org/wiki/Cristiano_da_Matta,748,1973,9,19
76,magnussen,,MAG,Jan,Magnussen,7/4/73,Danish,http://en.wikipedia.org/wiki/Jan_Magnussen,749,1973,7,4
15,trulli,,TRU,Jarno,Trulli,7/13/74,Italian,http://en.wikipedia.org/wiki/Jarno_Trulli,750,1974,7,13
25,wurz,,WUR,Alexander,Wurz,2/15/74,Austrian,http://en.wikipedia.org/wiki/Alexander_Wurz,751,1974,2,15
48,gene,,,Marc,Gené,3/29/74,Spanish,http://en.wikipedia.org/wiki/Marc_Gen%C3%A9,752,1974,3,29
68,takagi,,,Toranosuke,Takagi,2/12/74,Japanese,http://en.wikipedia.org/wiki/Toranosuke_Takagi,753,1974,2,12
23,ralf_schumacher,,SCH,Ralf,Schumacher,6/30/75,German,http://en.wikipedia.org/wiki/Ralf_Schumacher,754,1975,6,30
31,montoya,,MON,Juan,Pablo Montoya,9/20/75,Colombian,http://en.wikipedia.org/wiki/Juan_Pablo_Montoya,755,1975,9,20
34,ide,,IDE,Yuji,Ide,1/21/75,Japanese,http://en.wikipedia.org/wiki/Yuji_Ide,756,1975,1,21
52,firman,,,Ralph,Firman,5/20/75,Irish,http://en.wikipedia.org/wiki/Ralph_Firman,757,1975,5,20
54,burti,,,Luciano,Burti,3/5/75,Brazilian,http://en.wikipedia.org/wiki/Luciano_Burti,758,1975,3,5
60,mazzacane,,,Gastón,Mazzacane,5/8/75,Argentine,http://en.wikipedia.org/wiki/Gast%C3%B3n_Mazzacane,759,1975,5,8
72,sarrazin,,,Stéphane,Sarrazin,11/2/75,French,http://en.wikipedia.org/wiki/St%C3%A9phane_Sarrazin,760,1975,11,2
82,fontana,,,Norberto,Fontana,1/20/75,Argentine,http://en.wikipedia.org/wiki/Norberto_Fontana,761,1975,1,20
17,webber,,WEB,Mark,Webber,8/27/76,Australian,http://en.wikipedia.org/wiki/Mark_Webber,762,1976,8,27
33,monteiro,,TMO,Tiago,Monteiro,7/24/76,Portuguese,http://en.wikipedia.org/wiki/Tiago_Monteiro,763,1976,7,24
41,zonta,,ZON,Ricardo,Zonta,3/23/76,Brazilian,http://en.wikipedia.org/wiki/Ricardo_Zonta,764,1976,3,23
58,marques,,,Tarso,Marques,1/19/76,Brazilian,http://en.wikipedia.org/wiki/Tarso_Marques,765,1976,1,19
61,enge,,,Tomáš,Enge,9/11/76,Czech,http://en.wikipedia.org/wiki/Tom%C3%A1%C5%A1_Enge,766,1976,9,11
62,yoong,,,Alex,Yoong,7/20/76,Malaysian,http://en.wikipedia.org/wiki/Alex_Yoong,767,1976,7,20
2,heidfeld,,HEI,Nick,Heidfeld,5/10/77,German,http://en.wikipedia.org/wiki/Nick_Heidfeld,768,1977,5,10
11,sato,,SAT,Takuma,Sato,1/28/77,Japanese,http://en.wikipedia.org/wiki/Takuma_Sato,769,1977,1,28
39,karthikeyan,,KAR,Narain,Karthikeyan,1/14/77,Indian,http://en.wikipedia.org/wiki/Narain_Karthikeyan,770,1977,1,14
36,montagny,,FMO,Franck,Montagny,1/5/78,French,http://en.wikipedia.org/wiki/Franck_Montagny,771,1978,1,5
51,wilson,,,Justin,Wilson,7/31/78,British,http://en.wikipedia.org/wiki/Justin_Wilson_(racing_driver),772,1978,7,31
53,kiesa,,,Nicolas,Kiesa,3/3/78,Danish,http://en.wikipedia.org/wiki/Nicolas_Kiesa,773,1978,3,3
59,bernoldi,,,Enrique,Bernoldi,10/19/78,Brazilian,http://en.wikipedia.org/wiki/Enrique_Bernoldi,774,1978,10,19
74,tuero,,,Esteban,Tuero,4/22/78,Argentine,http://en.wikipedia.org/wiki/Esteban_Tuero,775,1978,4,22
7,bourdais,,BOU,Sébastien,Bourdais,2/28/79,French,http://en.wikipedia.org/wiki/S%C3%A9bastien_Bourdais,776,1979,2,28
8,raikkonen,7,RAI,Kimi,Räikkönen,10/17/79,Finnish,http://en.wikipedia.org/wiki/Kimi_R%C3%A4ikk%C3%B6nen,777,1979,10,17
19,davidson,,DAV,Anthony,Davidson,4/18/79,British,http://en.wikipedia.org/wiki/Anthony_Davidson,778,1979,4,18
27,albers,,ALB,Christijan,Albers,4/16/79,Dutch,http://en.wikipedia.org/wiki/Christijan_Albers,779,1979,4,16
45,pantano,,,Giorgio,Pantano,2/4/79,Italian,http://en.wikipedia.org/wiki/Giorgio_Pantano,780,1979,2,4
18,button,22,BUT,Jenson,Button,1/19/80,British,http://en.wikipedia.org/wiki/Jenson_Button,781,1980,1,19
24,liuzzi,,LIU,Vitantonio,Liuzzi,8/6/80,Italian,http://en.wikipedia.org/wiki/Vitantonio_Liuzzi,782,1980,8,6
28,markus_winkelhock,,WIN,Markus,Winkelhock,6/13/80,German,http://en.wikipedia.org/wiki/Markus_Winkelhock,783,1980,6,13
40,friesacher,,FRI,Patrick,Friesacher,9/26/80,Austrian,http://en.wikipedia.org/wiki/Patrick_Friesacher,784,1980,9,26
42,pizzonia,,PIZ,Antônio,Pizzonia,9/11/80,Brazilian,http://en.wikipedia.org/wiki/Ant%C3%B4nio_Pizzonia,785,1980,9,11
4,alonso,14,ALO,Fernando,Alonso,7/29/81,Spanish,http://en.wikipedia.org/wiki/Fernando_Alonso,786,1981,7,29
5,kovalainen,,KOV,Heikki,Kovalainen,10/19/81,Finnish,http://en.wikipedia.org/wiki/Heikki_Kovalainen,787,1981,10,19
13,massa,19,MAS,Felipe,Massa,4/25/81,Brazilian,http://en.wikipedia.org/wiki/Felipe_Massa,788,1981,4,25
38,doornbos,,DOO,Robert,Doornbos,9/23/81,Dutch,http://en.wikipedia.org/wiki/Robert_Doornbos,789,1981,9,23
46,bruni,,,Gianmaria,Bruni,5/30/81,Italian,http://en.wikipedia.org/wiki/Gianmaria_Bruni,790,1981,5,30
47,baumgartner,,,Zsolt,Baumgartner,1/1/81,Hungarian,http://en.wikipedia.org/wiki/Zsolt_Baumgartner,791,1981,1,1
827,lotterer,45,LOT,André,Lotterer,11/19/81,German,http://en.wikipedia.org/wiki/Andr%C3%A9_Lotterer,792,1981,11,19
10,glock,,GLO,Timo,Glock,3/18/82,German,http://en.wikipedia.org/wiki/Timo_Glock,793,1982,3,18
29,yamamoto,,YAM,Sakon,Yamamoto,7/9/82,Japanese,http://en.wikipedia.org/wiki/Sakon_Yamamoto,794,1982,7,9
16,sutil,99,SUT,Adrian,Sutil,1/11/83,German,http://en.wikipedia.org/wiki/Adrian_Sutil,795,1983,1,11
26,speed,,SPE,Scott,Speed,1/24/83,American,http://en.wikipedia.org/wiki/Scott_Speed,796,1983,1,24
32,klien,,KLI,Christian,Klien,2/7/83,Austrian,http://en.wikipedia.org/wiki/Christian_Klien,797,1983,2,7
811,bruno_senna,,SEN,Bruno,Senna,10/15/83,Brazilian,http://en.wikipedia.org/wiki/Bruno_Senna,798,1983,10,15
9,kubica,88,KUB,Robert,Kubica,12/7/84,Polish,http://en.wikipedia.org/wiki/Robert_Kubica,799,1984,12,7
808,petrov,,PET,Vitaly,Petrov,9/8/84,Russian,http://en.wikipedia.org/wiki/Vitaly_Petrov,800,1984,9,8
810,grassi,,DIG,Lucas,di Grassi,8/11/84,Brazilian,http://en.wikipedia.org/wiki/Lucas_di_Grassi,801,1984,8,11
812,chandhok,,CHA,Karun,Chandhok,1/19/84,Indian,http://en.wikipedia.org/wiki/Karun_Chandhok,802,1984,1,19
1,hamilton,44,HAM,Lewis,Hamilton,1/7/85,British,http://en.wikipedia.org/wiki/Lewis_Hamilton,803,1985,1,7
3,rosberg,6,ROS,Nico,Rosberg,6/27/85,German,http://en.wikipedia.org/wiki/Nico_Rosberg,804,1985,6,27
6,nakajima,,NAK,Kazuki,Nakajima,1/11/85,Japanese,http://en.wikipedia.org/wiki/Kazuki_Nakajima,805,1985,1,11
12,piquet_jr,,PIQ,Nelson,Piquet Jr.,7/25/85,Brazilian,"http://en.wikipedia.org/wiki/Nelson_Piquet,_Jr.",806,1985,7,25
813,maldonado,13,MAL,Pastor,Maldonado,3/9/85,Venezuelan,http://en.wikipedia.org/wiki/Pastor_Maldonado,807,1985,3,9
816,ambrosio,,DAM,Jérôme,d'Ambrosio,12/27/85,Belgian,http://en.wikipedia.org/wiki/J%C3%A9r%C3%B4me_d%27Ambrosio,808,1985,12,27
823,garde,,VDG,Giedo,van der Garde,4/25/85,Dutch,http://en.wikipedia.org/wiki/Giedo_van_der_Garde,809,1985,4,25
154,grosjean,8,GRO,Romain,Grosjean,4/17/86,French,http://en.wikipedia.org/wiki/Romain_Grosjean,810,1986,4,17
155,kobayashi,10,KOB,Kamui,Kobayashi,9/13/86,Japanese,http://en.wikipedia.org/wiki/Kamui_Kobayashi,811,1986,9,13
814,resta,,DIR,Paul,di Resta,4/16/86,British,http://en.wikipedia.org/wiki/Paul_di_Resta,812,1986,4,16
20,vettel,5,VET,Sebastian,Vettel,7/3/87,German,http://en.wikipedia.org/wiki/Sebastian_Vettel,813,1987,7,3
807,hulkenberg,27,HUL,Nico,Hülkenberg,8/19/87,German,http://en.wikipedia.org/wiki/Nico_H%C3%BClkenberg,814,1987,8,19
67,buemi,,BUE,Sébastien,Buemi,10/31/88,Swiss,http://en.wikipedia.org/wiki/S%C3%A9bastien_Buemi,815,1988,10,31
817,ricciardo,3,RIC,Daniel,Ricciardo,7/1/89,Australian,http://en.wikipedia.org/wiki/Daniel_Ricciardo,816,1989,7,1
822,bottas,77,BOT,Valtteri,Bottas,8/28/89,Finnish,http://en.wikipedia.org/wiki/Valtteri_Bottas,817,1989,8,28
824,jules_bianchi,17,BIA,Jules,Bianchi,8/3/89,French,http://en.wikipedia.org/wiki/Jules_Bianchi,818,1989,8,3
843,brendon_hartley,28,HAR,Brendon,Hartley,11/10/89,New Zealander,http://en.wikipedia.org/wiki/Brendon_Hartley,819,1989,11,10
153,alguersuari,,ALG,Jaime,Alguersuari,3/23/90,Spanish,http://en.wikipedia.org/wiki/Jaime_Alguersuari,820,1990,3,23
815,perez,11,PER,Sergio,Pérez,1/26/90,Mexican,http://en.wikipedia.org/wiki/Sergio_P%C3%A9rez,821,1990,1,26
818,vergne,25,VER,Jean-Éric,Vergne,4/25/90,French,http://en.wikipedia.org/wiki/Jean-%C3%89ric_Vergne,822,1990,4,25
819,pic,,PIC,Charles,Pic,2/15/90,French,http://en.wikipedia.org/wiki/Charles_Pic,823,1990,2,15
828,ericsson,9,ERI,Marcus,Ericsson,9/2/90,Swedish,http://en.wikipedia.org/wiki/Marcus_Ericsson,824,1990,9,2
820,chilton,4,CHI,Max,Chilton,4/21/91,British,http://en.wikipedia.org/wiki/Max_Chilton,825,1991,4,21
821,gutierrez,21,GUT,Esteban,Gutiérrez,8/5/91,Mexican,http://en.wikipedia.org/wiki/Esteban_Guti%C3%A9rrez,826,1991,8,5
829,stevens,28,STE,Will,Stevens,6/28/91,British,http://en.wikipedia.org/wiki/Will_Stevens,827,1991,6,28
833,merhi,98,MER,Roberto,Merhi,3/22/91,Spanish,http://en.wikipedia.org/wiki/Roberto_Merhi,828,1991,3,22
834,rossi,53,RSS,Alexander,Rossi,9/25/91,American,http://en.wikipedia.org/wiki/Alexander_Rossi_%28racing_driver%29,829,1991,9,25
835,jolyon_palmer,30,PAL,Jolyon,Palmer,1/20/91,British,http://en.wikipedia.org/wiki/Jolyon_Palmer,830,1991,1,20
825,kevin_magnussen,20,MAG,Kevin,Magnussen,10/5/92,Danish,http://en.wikipedia.org/wiki/Kevin_Magnussen,831,1992,10,5
831,nasr,12,NAS,Felipe,Nasr,8/21/92,Brazilian,http://en.wikipedia.org/wiki/Felipe_Nasr,832,1992,8,21
838,vandoorne,2,VAN,Stoffel,Vandoorne,3/26/92,Belgian,http://en.wikipedia.org/wiki/Stoffel_Vandoorne,833,1992,3,26
837,haryanto,88,HAR,Rio,Haryanto,1/22/93,Indonesian,http://en.wikipedia.org/wiki/Rio_Haryanto,834,1993,1,22
841,giovinazzi,99,GIO,Antonio,Giovinazzi,12/14/93,Italian,http://en.wikipedia.org/wiki/Antonio_Giovinazzi,835,1993,12,14
826,kvyat,26,KVY,Daniil,Kvyat,4/26/94,Russian,http://en.wikipedia.org/wiki/Daniil_Kvyat,836,1994,4,26
832,sainz,55,SAI,Carlos,Sainz,9/1/94,Spanish,http://en.wikipedia.org/wiki/Carlos_Sainz_Jr.,837,1994,9,1
836,wehrlein,94,WEH,Pascal,Wehrlein,10/18/94,German,http://en.wikipedia.org/wiki/Pascal_Wehrlein,838,1994,10,18
845,sirotkin,35,SIR,Sergey,Sirotkin,8/27/95,Russian,http://en.wikipedia.org/wiki/Sergey_Sirotkin_(racing_driver),839,1995,8,27
842,gasly,10,GAS,Pierre,Gasly,2/7/96,French,http://en.wikipedia.org/wiki/Pierre_Gasly,840,1996,2,7
839,ocon,31,OCO,Esteban,Ocon,9/17/96,French,http://en.wikipedia.org/wiki/Esteban_Ocon,841,1996,9,17
848,albon,23,ALB,Alexander,Albon,3/23/96,Thai,http://en.wikipedia.org/wiki/Alexander_Albon,842,1996,3,23
830,max_verstappen,33,VER,Max,Verstappen,9/30/97,Dutch,http://en.wikipedia.org/wiki/Max_Verstappen,843,1997,9,30
844,leclerc,16,LEC,Charles,Leclerc,10/16/97,Monegasque,http://en.wikipedia.org/wiki/Charles_Leclerc_(racing_driver),844,1997,10,16
840,stroll,18,STR,Lance,Stroll,10/29/98,Canadian,http://en.wikipedia.org/wiki/Lance_Stroll,845,1998,10,29
847,russell,63,RUS,George,Russell,2/15/98,British,http://en.wikipedia.org/wiki/George_Russell_(racing_driver),846,1998,2,15
846,norris,4,NOR,Lando,Norris,11/13/99,British,http://en.wikipedia.org/wiki/Lando_Norris,847,1999,11,13