year,round,name,url
1950,1,Britain,/en/1950/grande-bretagne.aspx
1950,2,Monaco,/en/1950/monaco.aspx
1950,3,Indianapolis,/en/1950/indianapolis.aspx
1950,4,Switzerland,/en/1950/suisse.aspx
1950,5,Belgium,/en/1950/belgique.aspx
1950,6,France,/en/1950/france.aspx
1950,7,Italy,/en/1950/italie.aspx
1951,1,Switzerland,/en/1951/suisse.aspx
1951,2,Indianapolis,/en/1951/indianapolis.aspx
1951,3,Belgium,/en/1951/belgique.aspx
1951,4,France,/en/1951/france.aspx
1951,5,Britain,/en/1951/grande-bretagne.aspx
1951,6,Germany,/en/1951/allemagne.aspx
1951,7,Italy,/en/1951/italie.aspx
1951,8,Spain,/en/1951/espagne.aspx
1952,1,Switzerland,/en/1952/suisse.aspx
1952,2,Indianapolis,/en/1952/indianapolis.aspx
1952,3,Belgium,/en/1952/belgique.aspx
1952,4,France,/en/1952/france.aspx
1952,5,Britain,/en/1952/grande-bretagne.aspx
1952,6,Germany,/en/1952/allemagne.aspx
1952,7,Netherlands,/en/1952/pays-bas.aspx
1952,8,Italy,/en/1952/italie.aspx
1953,1,Argentina,/en/1953/argentine.aspx
1953,2,Indianapolis,/en/1953/indianapolis.aspx
1953,3,Netherlands,/en/1953/pays-bas.aspx
1953,4,Belgium,/en/1953/belgique.aspx
1953,5,France,/en/1953/france.aspx
1953,6,Britain,/en/1953/grande-bretagne.aspx
1953,7,Germany,/en/1953/allemagne.aspx
1953,8,Switzerland,/en/1953/suisse.aspx
1953,9,Italy,/en/1953/italie.aspx
1954,1,Argentina,/en/1954/argentine.aspx
1954,2,Indianapolis,/en/1954/indianapolis.aspx
1954,3,Belgium,/en/1954/belgique.aspx
1954,4,France,/en/1954/france.aspx
1954,5,Britain,/en/1954/grande-bretagne.aspx
1954,6,Germany,/en/1954/allemagne.aspx
1954,7,Switzerland,/en/1954/suisse.aspx
1954,8,Italy,/en/1954/italie.aspx
1954,9,Spain,/en/1954/espagne.aspx
1955,1,Argentina,/en/1955/argentine.aspx
1955,2,Monaco,/en/1955/monaco.aspx
1955,3,Indianapolis,/en/1955/indianapolis.aspx
1955,4,Belgium,/en/1955/belgique.aspx
1955,5,Netherlands,/en/1955/pays-bas.aspx
1955,6,Britain,/en/1955/grande-bretagne.aspx
1955,7,Italy,/en/1955/italie.aspx
1956,1,Argentina,/en/1956/argentine.aspx
1956,2,Monaco,/en/1956/monaco.aspx
1956,3,Indianapolis,/en/1956/indianapolis.aspx
1956,4,Belgium,/en/1956/belgique.aspx
1956,5,France,/en/1956/france.aspx
1956,6,Britain,/en/1956/grande-bretagne.aspx
1956,7,Germany,/en/1956/allemagne.aspx
1956,8,Italy,/en/1956/italie.aspx
1957,1,Argentina,/en/1957/argentine.aspx
1957,2,Monaco,/en/1957/monaco.aspx
1957,3,Indianapolis,/en/1957/indianapolis.aspx
1957,4,France,/en/1957/france.aspx
1957,5,Britain,/en/1957/grande-bretagne.aspx
1957,6,Germany,/en/1957/allemagne.aspx
1957,7,Pescara,/en/1957/pescara.aspx
1957,8,Italy,/en/1957/italie.aspx
1958,1,Argentina,/en/1958/argentine.aspx
1958,2,Monaco,/en/1958/monaco.aspx
1958,3,Netherlands,/en/1958/pays-bas.aspx
1958,4,Indianapolis,/en/1958/indianapolis.aspx
1958,5,Belgium,/en/1958/belgique.aspx
1958,6,France,/en/1958/france.aspx
1958,7,Britain,/en/1958/grande-bretagne.aspx
1958,8,Germany,/en/1958/allemagne.aspx
1958,9,Portugal,/en/1958/portugal.aspx
1958,10,Italy,/en/1958/italie.aspx
1958,11,Morocco,/en/1958/maroc.aspx
1959,1,Monaco,/en/1959/monaco.aspx
1959,2,Indianapolis,/en/1959/indianapolis.aspx
1959,3,Netherlands,/en/1959/pays-bas.aspx
1959,4,France,/en/1959/france.aspx
1959,5,Britain,/en/1959/grande-bretagne.aspx
1959,6,Germany,/en/1959/allemagne.aspx
1959,7,Portugal,/en/1959/portugal.aspx
1959,8,Italy,/en/1959/italie.aspx
1959,9,USA,/en/1959/etats-unis.aspx
1960,1,Argentina,/en/1960/argentine.aspx
1960,2,Monaco,/en/1960/monaco.aspx
1960,3,Indianapolis,/en/1960/indianapolis.aspx
1960,4,Netherlands,/en/1960/pays-bas.aspx
1960,5,Belgium,/en/1960/belgique.aspx
1960,6,France,/en/1960/france.aspx
1960,7,Britain,/en/1960/grande-bretagne.aspx
1960,8,Portugal,/en/1960/portugal.aspx
1960,9,Italy,/en/1960/italie.aspx
1960,10,USA,/en/1960/etats-unis.aspx
1961,1,Monaco,/en/1961/monaco.aspx
1961,2,Netherlands,/en/1961/pays-bas.aspx
1961,3,Belgium,/en/1961/belgique.aspx
1961,4,France,/en/1961/france.aspx
1961,5,Britain,/en/1961/grande-bretagne.aspx
1961,6,Germany,/en/1961/allemagne.aspx
1961,7,Italy,/en/1961/italie.aspx
1961,8,USA,/en/1961/etats-unis.aspx
1962,1,Netherlands,/en/1962/pays-bas.aspx
1962,2,Monaco,/en/1962/monaco.aspx
1962,3,Belgium,/en/1962/belgique.aspx
1962,4,France,/en/1962/france.aspx
1962,5,Britain,/en/1962/grande-bretagne.aspx
1962,6,Germany,/en/1962/allemagne.aspx
1962,7,Italy,/en/1962/italie.aspx
1962,8,USA,/en/1962/etats-unis.aspx
1962,9,South Africa,/en/1962/afrique-du-sud.aspx
1963,1,Monaco,/en/1963/monaco.aspx
1963,2,Belgium,/en/1963/belgique.aspx
1963,3,Netherlands,/en/1963/pays-bas.aspx
1963,4,France,/en/1963/france.aspx
1963,5,Britain,/en/1963/grande-bretagne.aspx
1963,6,Germany,/en/1963/allemagne.aspx
1963,7,Italy,/en/1963/italie.aspx
1963,8,USA,/en/1963/etats-unis.aspx
1963,9,Mexico,/en/1963/mexique.aspx
1963,10,South Africa,/en/1963/afrique-du-sud.aspx
1964,1,Monaco,/en/1964/monaco.aspx
1964,2,Netherlands,/en/1964/pays-bas.aspx
1964,3,Belgium,/en/1964/belgique.aspx
1964,4,France,/en/1964/france.aspx
1964,5,Britain,/en/1964/grande-bretagne.aspx
1964,6,Germany,/en/1964/allemagne.aspx
1964,7,Austria,/en/1964/autriche.aspx
1964,8,Italy,/en/1964/italie.aspx
1964,9,USA,/en/1964/etats-unis.aspx
1964,10,Mexico,/en/1964/mexique.aspx
1965,1,South Africa,/en/1965/afrique-du-sud.aspx
1965,2,Monaco,/en/1965/monaco.aspx
1965,3,Belgium,/en/1965/belgique.aspx
1965,4,France,/en/1965/france.aspx
1965,5,Britain,/en/1965/grande-bretagne.aspx
1965,6,Netherlands,/en/1965/pays-bas.aspx
1965,7,Germany,/en/1965/allemagne.aspx
1965,8,Italy,/en/1965/italie.aspx
1965,9,USA,/en/1965/etats-unis.aspx
1965,10,Mexico,/en/1965/mexique.aspx
1966,1,Monaco,/en/1966/monaco.aspx
1966,2,Belgium,/en/1966/belgique.aspx
1966,3,France,/en/1966/france.aspx
1966,4,Britain,/en/1966/grande-bretagne.aspx
1966,5,Netherlands,/en/1966/pays-bas.aspx
1966,6,Germany,/en/1966/allemagne.aspx
1966,7,Italy,/en/1966/italie.aspx
1966,8,USA,/en/1966/etats-unis.aspx
1966,9,Mexico,/en/1966/mexique.aspx
1967,1,South Africa,/en/1967/afrique-du-sud.aspx
1967,2,Monaco,/en/1967/monaco.aspx
1967,3,Netherlands,/en/1967/pays-bas.aspx
1967,4,Belgium,/en/1967/belgique.aspx
1967,5,France,/en/1967/france.aspx
1967,6,Britain,/en/1967/grande-bretagne.aspx
1967,7,Germany,/en/1967/allemagne.aspx
1967,8,Canada,/en/1967/canada.aspx
1967,9,Italy,/en/1967/italie.aspx
1967,10,USA,/en/1967/etats-unis.aspx
1967,11,Mexico,/en/1967/mexique.aspx
1968,1,South Africa,/en/1968/afrique-du-sud.aspx
1968,2,Spain,/en/1968/espagne.aspx
1968,3,Monaco,/en/1968/monaco.aspx
1968,4,Belgium,/en/1968/belgique.aspx
1968,5,Netherlands,/en/1968/pays-bas.aspx
1968,6,France,/en/1968/france.aspx
1968,7,Britain,/en/1968/grande-bretagne.aspx
1968,8,Germany,/en/1968/allemagne.aspx
1968,9,Italy,/en/1968/italie.aspx
1968,10,Canada,/en/1968/canada.aspx
1968,11,USA,/en/1968/etats-unis.aspx
1968,12,Mexico,/en/1968/mexique.aspx
1969,1,South Africa,/en/1969/afrique-du-sud.aspx
1969,2,Spain,/en/1969/espagne.aspx
1969,3,Monaco,/en/1969/monaco.aspx
1969,4,Netherlands,/en/1969/pays-bas.aspx
1969,5,France,/en/1969/france.aspx
1969,6,Britain,/en/1969/grande-bretagne.aspx
1969,7,Germany,/en/1969/allemagne.aspx
1969,8,Italy,/en/1969/italie.aspx
1969,9,Canada,/en/1969/canada.aspx
1969,10,USA,/en/1969/etats-unis.aspx
1969,11,Mexico,/en/1969/mexique.aspx
1970,1,South Africa,/en/1970/afrique-du-sud.aspx
1970,2,Spain,/en/1970/espagne.aspx
1970,3,Monaco,/en/1970/monaco.aspx
1970,4,Belgium,/en/1970/belgique.aspx
1970,5,Netherlands,/en/1970/pays-bas.aspx
1970,6,France,/en/1970/france.aspx
1970,7,Britain,/en/1970/grande-bretagne.aspx
1970,8,Germany,/en/1970/allemagne.aspx
1970,9,Austria,/en/1970/autriche.aspx
1970,10,Italy,/en/1970/italie.aspx
1970,11,Canada,/en/1970/canada.aspx
1970,12,USA,/en/1970/etats-unis.aspx
1970,13,Mexico,/en/1970/mexique.aspx
1971,1,South Africa,/en/1971/afrique-du-sud.aspx
1971,2,Spain,/en/1971/espagne.aspx
1971,3,Monaco,/en/1971/monaco.aspx
1971,4,Netherlands,/en/1971/pays-bas.aspx
1971,5,France,/en/1971/france.aspx
1971,6,Britain,/en/1971/grande-bretagne.aspx
1971,7,Germany,/en/1971/allemagne.aspx
1971,8,Austria,/en/1971/autriche.aspx
1971,9,Italy,/en/1971/italie.aspx
1971,10,Canada,/en/1971/canada.aspx
1971,11,USA,/en/1971/etats-unis.aspx
1972,1,Argentina,/en/1972/argentine.aspx
1972,2,South Africa,/en/1972/afrique-du-sud.aspx
1972,3,Spain,/en/1972/espagne.aspx
1972,4,Monaco,/en/1972/monaco.aspx
1972,5,Belgium,/en/1972/belgique.aspx
1972,6,France,/en/1972/france.aspx
1972,7,Britain,/en/1972/grande-bretagne.aspx
1972,8,Germany,/en/1972/allemagne.aspx
1972,9,Austria,/en/1972/autriche.aspx
1972,10,Italy,/en/1972/italie.aspx
1972,11,Canada,/en/1972/canada.aspx
1972,12,USA,/en/1972/etats-unis.aspx
1973,1,Argentina,/en/1973/argentine.aspx
1973,2,Brazil,/en/1973/bresil.aspx
1973,3,South Africa,/en/1973/afrique-du-sud.aspx
1973,4,Spain,/en/1973/espagne.aspx
1973,5,Belgium,/en/1973/belgique.aspx
1973,6,Monaco,/en/1973/monaco.aspx
1973,7,Sweden,/en/1973/suede.aspx
1973,8,France,/en/1973/france.aspx
1973,9,Britain,/en/1973/grande-bretagne.aspx
1973,10,Netherlands,/en/1973/pays-bas.aspx
1973,11,Germany,/en/1973/allemagne.aspx
1973,12,Austria,/en/1973/autriche.aspx
1973,13,Italy,/en/1973/italie.aspx
1973,14,Canada,/en/1973/canada.aspx
1973,15,USA,/en/1973/etats-unis.aspx
1974,1,Argentina,/en/1974/argentine.aspx
1974,2,Brazil,/en/1974/bresil.aspx
1974,3,South Africa,/en/1974/afrique-du-sud.aspx
1974,4,Spain,/en/1974/espagne.aspx
1974,5,Belgium,/en/1974/belgique.aspx
1974,6,Monaco,/en/1974/monaco.aspx
1974,7,Sweden,/en/1974/suede.aspx
1974,8,Netherlands,/en/1974/pays-bas.aspx
1974,9,France,/en/1974/france.aspx
1974,10,Britain,/en/1974/grande-bretagne.aspx
1974,11,Germany,/en/1974/allemagne.aspx
1974,12,Austria,/en/1974/autriche.aspx
1974,13,Italy,/en/1974/italie.aspx
1974,14,Canada,/en/1974/canada.aspx
1974,15,USA,/en/1974/etats-unis.aspx
1975,1,Argentina,/en/1975/argentine.aspx
1975,2,Brazil,/en/1975/bresil.aspx
1975,3,South Africa,/en/1975/afrique-du-sud.aspx
1975,4,Spain,/en/1975/espagne.aspx
1975,5,Monaco,/en/1975/monaco.aspx
1975,6,Belgium,/en/1975/belgique.aspx
1975,7,Sweden,/en/1975/suede.aspx
1975,8,Netherlands,/en/1975/pays-bas.aspx
1975,9,France,/en/1975/france.aspx
1975,10,Britain,/en/1975/grande-bretagne.aspx
1975,11,Germany,/en/1975/allemagne.aspx
1975,12,Austria,/en/1975/autriche.aspx
1975,13,Italy,/en/1975/italie.aspx
1975,14,USA,/en/1975/etats-unis.aspx
1976,1,Brazil,/en/1976/bresil.aspx
1976,2,South Africa,/en/1976/afrique-du-sud.aspx
1976,3,USA West,/en/1976/etats-unis-ouest.aspx
1976,4,Spain,/en/1976/espagne.aspx
1976,5,Belgium,/en/1976/belgique.aspx
1976,6,Monaco,/en/1976/monaco.aspx
1976,7,Sweden,/en/1976/suede.aspx
1976,8,France,/en/1976/france.aspx
1976,9,Britain,/en/1976/grande-bretagne.aspx
1976,10,Germany,/en/1976/allemagne.aspx
1976,11,Austria,/en/1976/autriche.aspx
1976,12,Netherlands,/en/1976/pays-bas.aspx
1976,13,Italy,/en/1976/italie.aspx
1976,14,Canada,/en/1976/canada.aspx
1976,15,USA East,/en/1976/etats-unis-est.aspx
1976,16,Japan,/en/1976/japon.aspx
1977,1,Argentina,/en/1977/argentine.aspx
1977,2,Brazil,/en/1977/bresil.aspx
1977,3,South Africa,/en/1977/afrique-du-sud.aspx
1977,4,USA West,/en/1977/etats-unis-ouest.aspx
1977,5,Spain,/en/1977/espagne.aspx
1977,6,Monaco,/en/1977/monaco.aspx
1977,7,Belgium,/en/1977/belgique.aspx
1977,8,Sweden,/en/1977/suede.aspx
1977,9,France,/en/1977/france.aspx
1977,10,Britain,/en/1977/grande-bretagne.aspx
1977,11,Germany,/en/1977/allemagne.aspx
1977,12,Austria,/en/1977/autriche.aspx
1977,13,Netherlands,/en/1977/pays-bas.aspx
1977,14,Italy,/en/1977/italie.aspx
1977,15,USA East,/en/1977/etats-unis-est.aspx
1977,16,Canada,/en/1977/canada.aspx
1977,17,Japan,/en/1977/japon.aspx
1978,1,Argentina,/en/1978/argentine.aspx
1978,2,Brazil,/en/1978/bresil.aspx
1978,3,South Africa,/en/1978/afrique-du-sud.aspx
1978,4,USA West,/en/1978/etats-unis-ouest.aspx
1978,5,Monaco,/en/1978/monaco.aspx
1978,6,Belgium,/en/1978/belgique.aspx
1978,7,Spain,/en/1978/espagne.aspx
1978,8,Sweden,/en/1978/suede.aspx
1978,9,France,/en/1978/france.aspx
1978,10,Britain,/en/1978/grande-bretagne.aspx
1978,11,Germany,/en/1978/allemagne.aspx
1978,12,Austria,/en/1978/autriche.aspx
1978,13,Netherlands,/en/1978/pays-bas.aspx
1978,14,Italy,/en/1978/italie.aspx
1978,15,USA East,/en/1978/etats-unis-est.aspx
1978,16,Canada,/en/1978/canada.aspx
1979,1,Argentina,/en/1979/argentine.aspx
1979,2,Brazil,/en/1979/bresil.aspx
1979,3,South Africa,/en/1979/afrique-du-sud.aspx
1979,4,USA West,/en/1979/etats-unis-ouest.aspx
1979,5,Spain,/en/1979/espagne.aspx
1979,6,Belgium,/en/1979/belgique.aspx
1979,7,Monaco,/en/1979/monaco.aspx
1979,8,France,/en/1979/france.aspx
1979,9,Britain,/en/1979/grande-bretagne.aspx
1979,10,Germany,/en/1979/allemagne.aspx
1979,11,Austria,/en/1979/autriche.aspx
1979,12,Netherlands,/en/1979/pays-bas.aspx
1979,13,Italy,/en/1979/italie.aspx
1979,14,Canada,/en/1979/canada.aspx
1979,15,USA East,/en/1979/etats-unis-est.aspx
1980,1,Argentina,/en/1980/argentine.aspx
1980,2,Brazil,/en/1980/bresil.aspx
1980,3,South Africa,/en/1980/afrique-du-sud.aspx
1980,4,USA West,/en/1980/etats-unis-ouest.aspx
1980,5,Belgium,/en/1980/belgique.aspx
1980,6,Monaco,/en/1980/monaco.aspx
1980,7,France,/en/1980/france.aspx
1980,8,Britain,/en/1980/grande-bretagne.aspx
1980,9,Germany,/en/1980/allemagne.aspx
1980,10,Austria,/en/1980/autriche.aspx
1980,11,Netherlands,/en/1980/pays-bas.aspx
1980,12,Italy,/en/1980/italie.aspx
1980,13,Canada,/en/1980/canada.aspx
1980,14,USA East,/en/1980/etats-unis-est.aspx
1981,1,USA West,/en/1981/etats-unis-ouest.aspx
1981,2,Brazil,/en/1981/bresil.aspx
1981,3,Argentina,/en/1981/argentine.aspx
1981,4,San Marino,/en/1981/saint-marin.aspx
1981,5,Belgium,/en/1981/belgique.aspx
1981,6,Monaco,/en/1981/monaco.aspx
1981,7,Spain,/en/1981/espagne.aspx
1981,8,France,/en/1981/france.aspx
1981,9,Britain,/en/1981/grande-bretagne.aspx
1981,10,Germany,/en/1981/allemagne.aspx
1981,11,Austria,/en/1981/autriche.aspx
1981,12,Netherlands,/en/1981/pays-bas.aspx
1981,13,Italy,/en/1981/italie.aspx
1981,14,Canada,/en/1981/canada.aspx
1981,15,Las Vegas,/en/1981/las-vegas.aspx
1982,1,South Africa,/en/1982/afrique-du-sud.aspx
1982,2,Brazil,/en/1982/bresil.aspx
1982,3,USA West,/en/1982/etats-unis-ouest.aspx
1982,4,San Marino,/en/1982/saint-marin.aspx
1982,5,Belgium,/en/1982/belgique.aspx
1982,6,Monaco,/en/1982/monaco.aspx
1982,7,USA East,/en/1982/etats-unis-est.aspx
1982,8,Canada,/en/1982/canada.aspx
1982,9,Netherlands,/en/1982/pays-bas.aspx
1982,10,Britain,/en/1982/grande-bretagne.aspx
1982,11,France,/en/1982/france.aspx
1982,12,Germany,/en/1982/allemagne.aspx
1982,13,Austria,/en/1982/autriche.aspx
1982,14,Switzerland,/en/1982/suisse.aspx
1982,15,Italy,/en/1982/italie.aspx
1982,16,Las Vegas,/en/1982/las-vegas.aspx
1983,1,Brazil,/en/1983/bresil.aspx
1983,2,USA West,/en/1983/etats-unis-ouest.aspx
1983,3,France,/en/1983/france.aspx
1983,4,San Marino,/en/1983/saint-marin.aspx
1983,5,Monaco,/en/1983/monaco.aspx
1983,6,Belgium,/en/1983/belgique.aspx
1983,7,USA East,/en/1983/etats-unis-est.aspx
1983,8,Canada,/en/1983/canada.aspx
1983,9,Britain,/en/1983/grande-bretagne.aspx
1983,10,Germany,/en/1983/allemagne.aspx
1983,11,Austria,/en/1983/autriche.aspx
1983,12,Netherlands,/en/1983/pays-bas.aspx
1983,13,Italy,/en/1983/italie.aspx
1983,14,Europe,/en/1983/europe.aspx
1983,15,South Africa,/en/1983/afrique-du-sud.aspx
1984,1,Brazil,/en/1984/bresil.aspx
1984,2,South Africa,/en/1984/afrique-du-sud.aspx
1984,3,Belgium,/en/1984/belgique.aspx
1984,4,San Marino,/en/1984/saint-marin.aspx
1984,5,France,/en/1984/france.aspx
1984,6,Monaco,/en/1984/monaco.aspx
1984,7,Canada,/en/1984/canada.aspx
1984,8,USA East,/en/1984/etats-unis-est.aspx
1984,9,USA,/en/1984/etats-unis.aspx
1984,10,Britain,/en/1984/grande-bretagne.aspx
1984,11,Germany,/en/1984/allemagne.aspx
1984,12,Austria,/en/1984/autriche.aspx
1984,13,Netherlands,/en/1984/pays-bas.aspx
1984,14,Italy,/en/1984/italie.aspx
1984,15,Europe,/en/1984/europe.aspx
1984,16,Portugal,/en/1984/portugal.aspx
1985,1,Brazil,/en/1985/bresil.aspx
1985,2,Portugal,/en/1985/portugal.aspx
1985,3,San Marino,/en/1985/saint-marin.aspx
1985,4,Monaco,/en/1985/monaco.aspx
1985,5,Canada,/en/1985/canada.aspx
1985,6,USA,/en/1985/etats-unis.aspx
1985,7,France,/en/1985/france.aspx
1985,8,Britain,/en/1985/grande-bretagne.aspx
1985,9,Germany,/en/1985/allemagne.aspx
1985,10,Austria,/en/1985/autriche.aspx
1985,11,Netherlands,/en/1985/pays-bas.aspx
1985,12,Italy,/en/1985/italie.aspx
1985,13,Belgium,/en/1985/belgique.aspx
1985,14,Europe,/en/1985/europe.aspx
1985,15,South Africa,/en/1985/afrique-du-sud.aspx
1985,16,Australia,/en/1985/australie.aspx
1986,1,Brazil,/en/1986/bresil.aspx
1986,2,Spain,/en/1986/espagne.aspx
1986,3,San Marino,/en/1986/saint-marin.aspx
1986,4,Monaco,/en/1986/monaco.aspx
1986,5,Belgium,/en/1986/belgique.aspx
1986,6,Canada,/en/1986/canada.aspx
1986,7,USA,/en/1986/etats-unis.aspx
1986,8,France,/en/1986/france.aspx
1986,9,Britain,/en/1986/grande-bretagne.aspx
1986,10,Germany,/en/1986/allemagne.aspx
1986,11,Hungary,/en/1986/hongrie.aspx
1986,12,Austria,/en/1986/autriche.aspx
1986,13,Italy,/en/1986/italie.aspx
1986,14,Portugal,/en/1986/portugal.aspx
1986,15,Mexico,/en/1986/mexique.aspx
1986,16,Australia,/en/1986/australie.aspx
1987,1,Brazil,/en/1987/bresil.aspx
1987,2,San Marino,/en/1987/saint-marin.aspx
1987,3,Belgium,/en/1987/belgique.aspx
1987,4,Monaco,/en/1987/monaco.aspx
1987,5,USA,/en/1987/etats-unis.aspx
1987,6,France,/en/1987/france.aspx
1987,7,Britain,/en/1987/grande-bretagne.aspx
1987,8,Germany,/en/1987/allemagne.aspx
1987,9,Hungary,/en/1987/hongrie.aspx
1987,10,Austria,/en/1987/autriche.aspx
1987,11,Italy,/en/1987/italie.aspx
1987,12,Portugal,/en/1987/portugal.aspx
1987,13,Spain,/en/1987/espagne.aspx
1987,14,Mexico,/en/1987/mexique.aspx
1987,15,Japan,/en/1987/japon.aspx
1987,16,Australia,/en/1987/australie.aspx
1988,1,Brazil,/en/1988/bresil.aspx
1988,2,San Marino,/en/1988/saint-marin.aspx
1988,3,Monaco,/en/1988/monaco.aspx
1988,4,Mexico,/en/1988/mexique.aspx
1988,5,Canada,/en/1988/canada.aspx
1988,6,USA,/en/1988/etats-unis.aspx
1988,7,France,/en/1988/france.aspx
1988,8,Britain,/en/1988/grande-bretagne.aspx
1988,9,Germany,/en/1988/allemagne.aspx
1988,10,Hungary,/en/1988/hongrie.aspx
1988,11,Belgium,/en/1988/belgique.aspx
1988,12,Italy,/en/1988/italie.aspx
1988,13,Portugal,/en/1988/portugal.aspx
1988,14,Spain,/en/1988/espagne.aspx
1988,15,Japan,/en/1988/japon.aspx
1988,16,Australia,/en/1988/australie.aspx
1989,1,Brazil,/en/1989/bresil.aspx
1989,2,San Marino,/en/1989/saint-marin.aspx
1989,3,Monaco,/en/1989/monaco.aspx
1989,4,Mexico,/en/1989/mexique.aspx
1989,5,USA,/en/1989/etats-unis.aspx
1989,6,Canada,/en/1989/canada.aspx
1989,7,France,/en/1989/france.aspx
1989,8,Britain,/en/1989/grande-bretagne.aspx
1989,9,Germany,/en/1989/allemagne.aspx
1989,10,Hungary,/en/1989/hongrie.aspx
1989,11,Belgium,/en/1989/belgique.aspx
1989,12,Italy,/en/1989/italie.aspx
1989,13,Portugal,/en/1989/portugal.aspx
1989,14,Spain,/en/1989/espagne.aspx
1989,15,Japan,/en/1989/japon.aspx
1989,16,Australia,/en/1989/australie.aspx
1990,1,USA,/en/1990/etats-unis.aspx
1990,2,Brazil,/en/1990/bresil.aspx
1990,3,San Marino,/en/1990/saint-marin.aspx
1990,4,Monaco,/en/1990/monaco.aspx
1990,5,Canada,/en/1990/canada.aspx
1990,6,Mexico,/en/1990/mexique.aspx
1990,7,France,/en/1990/france.aspx
1990,8,Britain,/en/1990/grande-bretagne.aspx
1990,9,Germany,/en/1990/allemagne.aspx
1990,10,Hungary,/en/1990/hongrie.aspx
1990,11,Belgium,/en/1990/belgique.aspx
1990,12,Italy,/en/1990/italie.aspx
1990,13,Portugal,/en/1990/portugal.aspx
1990,14,Spain,/en/1990/espagne.aspx
1990,15,Japan,/en/1990/japon.aspx
1990,16,Australia,/en/1990/australie.aspx
1991,1,USA,/en/1991/etats-unis.aspx
1991,2,Brazil,/en/1991/bresil.aspx
1991,3,San Marino,/en/1991/saint-marin.aspx
1991,4,Monaco,/en/1991/monaco.aspx
1991,5,Canada,/en/1991/canada.aspx
1991,6,Mexico,/en/1991/mexique.aspx
1991,7,France,/en/1991/france.aspx
1991,8,Britain,/en/1991/grande-bretagne.aspx
1991,9,Germany,/en/1991/allemagne.aspx
1991,10,Hungary,/en/1991/hongrie.aspx
1991,11,Belgium,/en/1991/belgique.aspx
1991,12,Italy,/en/1991/italie.aspx
1991,13,Portugal,/en/1991/portugal.aspx
1991,14,Spain,/en/1991/espagne.aspx
1991,15,Japan,/en/1991/japon.aspx
1991,16,Australia,/en/1991/australie.aspx
1992,1,South Africa,/en/1992/afrique-du-sud.aspx
1992,2,Mexico,/en/1992/mexique.aspx
1992,3,Brazil,/en/1992/bresil.aspx
1992,4,Spain,/en/1992/espagne.aspx
1992,5,San Marino,/en/1992/saint-marin.aspx
1992,6,Monaco,/en/1992/monaco.aspx
1992,7,Canada,/en/1992/canada.aspx
1992,8,France,/en/1992/france.aspx
1992,9,Britain,/en/1992/grande-bretagne.aspx
1992,10,Germany,/en/1992/allemagne.aspx
1992,11,Hungary,/en/1992/hongrie.aspx
1992,12,Belgium,/en/1992/belgique.aspx
1992,13,Italy,/en/1992/italie.aspx
1992,14,Portugal,/en/1992/portugal.aspx
1992,15,Japan,/en/1992/japon.aspx
1992,16,Australia,/en/1992/australie.aspx
1993,1,South Africa,/en/1993/afrique-du-sud.aspx
1993,2,Brazil,/en/1993/bresil.aspx
1993,3,Europe,/en/1993/europe.aspx
1993,4,San Marino,/en/1993/saint-marin.aspx
1993,5,Spain,/en/1993/espagne.aspx
1993,6,Monaco,/en/1993/monaco.aspx
1993,7,Canada,/en/1993/canada.aspx
1993,8,France,/en/1993/france.aspx
1993,9,Britain,/en/1993/grande-bretagne.aspx
1993,10,Germany,/en/1993/allemagne.aspx
1993,11,Hungary,/en/1993/hongrie.aspx
1993,12,Belgium,/en/1993/belgique.aspx
1993,13,Italy,/en/1993/italie.aspx
1993,14,Portugal,/en/1993/portugal.aspx
1993,15,Japan,/en/1993/japon.aspx
1993,16,Australia,/en/1993/australie.aspx
1994,1,Brazil,/en/1994/bresil.aspx
1994,2,Pacific,/en/1994/pacifique.aspx
1994,3,San Marino,/en/1994/saint-marin.aspx
1994,4,Monaco,/en/1994/monaco.aspx
1994,5,Spain,/en/1994/espagne.aspx
1994,6,Canada,/en/1994/canada.aspx
1994,7,France,/en/1994/france.aspx
1994,8,Britain,/en/1994/grande-bretagne.aspx
1994,9,Germany,/en/1994/allemagne.aspx
1994,10,Hungary,/en/1994/hongrie.aspx
1994,11,Belgium,/en/1994/belgique.aspx
1994,12,Italy,/en/1994/italie.aspx
1994,13,Portugal,/en/1994/portugal.aspx
1994,14,Europe,/en/1994/europe.aspx
1994,15,Japan,/en/1994/japon.aspx
1994,16,Australia,/en/1994/australie.aspx
1995,1,Brazil,/en/1995/bresil.aspx
1995,2,Argentina,/en/1995/argentine.aspx
1995,3,San Marino,/en/1995/saint-marin.aspx
1995,4,Spain,/en/1995/espagne.aspx
1995,5,Monaco,/en/1995/monaco.aspx
1995,6,Canada,/en/1995/canada.aspx
1995,7,France,/en/1995/france.aspx
1995,8,Britain,/en/1995/grande-bretagne.aspx
1995,9,Germany,/en/1995/allemagne.aspx
1995,10,Hungary,/en/1995/hongrie.aspx
1995,11,Belgium,/en/1995/belgique.aspx
1995,12,Italy,/en/1995/italie.aspx
1995,13,Portugal,/en/1995/portugal.aspx
1995,14,Europe,/en/1995/europe.aspx
1995,15,Pacific,/en/1995/pacifique.aspx
1995,16,Japan,/en/1995/japon.aspx
1995,17,Australia,/en/1995/australie.aspx
1996,1,Australia,/en/1996/australie.aspx
1996,2,Brazil,/en/1996/bresil.aspx
1996,3,Argentina,/en/1996/argentine.aspx
1996,4,Europe,/en/1996/europe.aspx
1996,5,San Marino,/en/1996/saint-marin.aspx
1996,6,Monaco,/en/1996/monaco.aspx
1996,7,Spain,/en/1996/espagne.aspx
1996,8,Canada,/en/1996/canada.aspx
1996,9,France,/en/1996/france.aspx
1996,10,Britain,/en/1996/grande-bretagne.aspx
1996,11,Germany,/en/1996/allemagne.aspx
1996,12,Hungary,/en/1996/hongrie.aspx
1996,13,Belgium,/en/1996/belgique.aspx
1996,14,Italy,/en/1996/italie.aspx
1996,15,Portugal,/en/1996/portugal.aspx
1996,16,Japan,/en/1996/japon.aspx
1997,1,Australia,/en/1997/australie.aspx
1997,2,Brazil,/en/1997/bresil.aspx
1997,3,Argentina,/en/1997/argentine.aspx
1997,4,San Marino,/en/1997/saint-marin.aspx
1997,5,Monaco,/en/1997/monaco.aspx
1997,6,Spain,/en/1997/espagne.aspx
1997,7,Canada,/en/1997/canada.aspx
1997,8,France,/en/1997/france.aspx
1997,9,Britain,/en/1997/grande-bretagne.aspx
1997,10,Germany,/en/1997/allemagne.aspx
1997,11,Hungary,/en/1997/hongrie.aspx
1997,12,Belgium,/en/1997/belgique.aspx
1997,13,Italy,/en/1997/italie.aspx
1997,14,Austria,/en/1997/autriche.aspx
1997,15,Luxembourg,/en/1997/luxembourg.aspx
1997,16,Japan,/en/1997/japon.aspx
1997,17,Europe,/en/1997/europe.aspx
1998,1,Australia,/en/1998/australie.aspx
1998,2,Brazil,/en/1998/bresil.aspx
1998,3,Argentina,/en/1998/argentine.aspx
1998,4,San Marino,/en/1998/saint-marin.aspx
1998,5,Spain,/en/1998/espagne.aspx
1998,6,Monaco,/en/1998/monaco.aspx
1998,7,Canada,/en/1998/canada.aspx
1998,8,France,/en/1998/france.aspx
1998,9,Britain,/en/1998/grande-bretagne.aspx
1998,10,Austria,/en/1998/autriche.aspx
1998,11,Germany,/en/1998/allemagne.aspx
1998,12,Hungary,/en/1998/hongrie.aspx
1998,13,Belgium,/en/1998/belgique.aspx
1998,14,Italy,/en/1998/italie.aspx
1998,15,Luxembourg,/en/1998/luxembourg.aspx
1998,16,Japan,/en/1998/japon.aspx
1999,1,Australia,/en/1999/australie.aspx
1999,2,Brazil,/en/1999/bresil.aspx
1999,3,San Marino,/en/1999/saint-marin.aspx
1999,4,Monaco,/en/1999/monaco.aspx
1999,5,Spain,/en/1999/espagne.aspx
1999,6,Canada,/en/1999/canada.aspx
1999,7,France,/en/1999/france.aspx
1999,8,Britain,/en/1999/grande-bretagne.aspx
1999,9,Austria,/en/1999/autriche.aspx
1999,10,Germany,/en/1999/allemagne.aspx
1999,11,Hungary,/en/1999/hongrie.aspx
1999,12,Belgium,/en/1999/belgique.aspx
1999,13,Italy,/en/1999/italie.aspx
1999,14,Europe,/en/1999/europe.aspx
1999,15,Malaysia,/en/1999/malaisie.aspx
1999,16,Japan,/en/1999/japon.aspx
2000,1,Australia,/en/2000/australie.aspx
2000,2,Brazil,/en/2000/bresil.aspx
2000,3,San Marino,/en/2000/saint-marin.aspx
2000,4,Britain,/en/2000/grande-bretagne.aspx
2000,5,Spain,/en/2000/espagne.aspx
2000,6,Europe,/en/2000/europe.aspx
2000,7,Monaco,/en/2000/monaco.aspx
2000,8,Canada,/en/2000/canada.aspx
2000,9,France,/en/2000/france.aspx
2000,10,Austria,/en/2000/autriche.aspx
2000,11,Germany,/en/2000/allemagne.aspx
2000,12,Hungary,/en/2000/hongrie.aspx
2000,13,Belgium,/en/2000/belgique.aspx
2000,14,Italy,/en/2000/italie.aspx
2000,15,USA,/en/2000/etats-unis.aspx
2000,16,Japan,/en/2000/japon.aspx
2000,17,Malaysia,/en/2000/malaisie.aspx
2001,1,Australia,/en/2001/australie.aspx
2001,2,Malaysia,/en/2001/malaisie.aspx
2001,3,Brazil,/en/2001/bresil.aspx
2001,4,San Marino,/en/2001/saint-marin.aspx
2001,5,Spain,/en/2001/espagne.aspx
2001,6,Austria,/en/2001/autriche.aspx
2001,7,Monaco,/en/2001/monaco.aspx
2001,8,Canada,/en/2001/canada.aspx
2001,9,Europe,/en/2001/europe.aspx
2001,10,France,/en/2001/france.aspx
2001,11,Britain,/en/2001/grande-bretagne.aspx
2001,12,Germany,/en/2001/allemagne.aspx
2001,13,Hungary,/en/2001/hongrie.aspx
2001,14,Belgium,/en/2001/belgique.aspx
2001,15,Italy,/en/2001/italie.aspx
2001,16,USA,/en/2001/etats-unis.aspx
2001,17,Japan,/en/2001/japon.aspx
2002,1,Australia,/en/2002/australie.aspx
2002,2,Malaysia,/en/2002/malaisie.aspx
2002,3,Brazil,/en/2002/bresil.aspx
2002,4,San Marino,/en/2002/saint-marin.aspx
2002,5,Spain,/en/2002/espagne.aspx
2002,6,Austria,/en/2002/autriche.aspx
2002,7,Monaco,/en/2002/monaco.aspx
2002,8,Canada,/en/2002/canada.aspx
2002,9,Europe,/en/2002/europe.aspx
2002,10,Britain,/en/2002/grande-bretagne.aspx
2002,11,France,/en/2002/france.aspx
2002,12,Germany,/en/2002/allemagne.aspx
2002,13,Hungary,/en/2002/hongrie.aspx
2002,14,Belgium,/en/2002/belgique.aspx
2002,15,Italy,/en/2002/italie.aspx
2002,16,USA,/en/2002/etats-unis.aspx
2002,17,Japan,/en/2002/japon.aspx
2003,1,Australia,/en/2003/australie.aspx
2003,2,Malaysia,/en/2003/malaisie.aspx
2003,3,Brazil,/en/2003/bresil.aspx
2003,4,San Marino,/en/2003/saint-marin.aspx
2003,5,Spain,/en/2003/espagne.aspx
2003,6,Austria,/en/2003/autriche.aspx
2003,7,Monaco,/en/2003/monaco.aspx
2003,8,Canada,/en/2003/canada.aspx
2003,9,Europe,/en/2003/europe.aspx
2003,10,France,/en/2003/france.aspx
2003,11,Britain,/en/2003/grande-bretagne.aspx
2003,12,Germany,/en/2003/allemagne.aspx
2003,13,Hungary,/en/2003/hongrie.aspx
2003,14,Italy,/en/2003/italie.aspx
2003,15,USA,/en/2003/etats-unis.aspx
2003,16,Japan,/en/2003/japon.aspx
2004,1,Australia,/en/2004/australie.aspx
2004,2,Malaysia,/en/2004/malaisie.aspx
2004,3,Bahrain,/en/2004/bahrein.aspx
2004,4,San Marino,/en/2004/saint-marin.aspx
2004,5,Spain,/en/2004/espagne.aspx
2004,6,Monaco,/en/2004/monaco.aspx
2004,7,Europe,/en/2004/europe.aspx
2004,8,Canada,/en/2004/canada.aspx
2004,9,USA,/en/2004/etats-unis.aspx
2004,10,France,/en/2004/france.aspx
2004,11,Britain,/en/2004/grande-bretagne.aspx
2004,12,Germany,/en/2004/allemagne.aspx
2004,13,Hungary,/en/2004/hongrie.aspx
2004,14,Belgium,/en/2004/belgique.aspx
2004,15,Italy,/en/2004/italie.aspx
2004,16,China,/en/2004/chine.aspx
2004,17,Japan,/en/2004/japon.aspx
2004,18,Brazil,/en/2004/bresil.aspx
2005,1,Australia,/en/2005/australie.aspx
2005,2,Malaysia,/en/2005/malaisie.aspx
2005,3,Bahrain,/en/2005/bahrein.aspx
2005,4,San Marino,/en/2005/saint-marin.aspx
2005,5,Spain,/en/2005/espagne.aspx
2005,6,Monaco,/en/2005/monaco.aspx
2005,7,Europe,/en/2005/europe.aspx
2005,8,Canada,/en/2005/canada.aspx
2005,9,USA,/en/2005/etats-unis.aspx
2005,10,France,/en/2005/france.aspx
2005,11,Britain,/en/2005/grande-bretagne.aspx
2005,12,Germany,/en/2005/allemagne.aspx
2005,13,Hungary,/en/2005/hongrie.aspx
2005,14,Turkey,/en/2005/turquie.aspx
2005,15,Italy,/en/2005/italie.aspx
2005,16,Belgium,/en/2005/belgique.aspx
2005,17,Brazil,/en/2005/bresil.aspx
2005,18,Japan,/en/2005/japon.aspx
2005,19,China,/en/2005/chine.aspx
2006,1,Bahrain,/en/2006/bahrein.aspx
2006,2,Malaysia,/en/2006/malaisie.aspx
2006,3,Australia,/en/2006/australie.aspx
2006,4,San Marino,/en/2006/saint-marin.aspx
2006,5,Europe,/en/2006/europe.aspx
2006,6,Spain,/en/2006/espagne.aspx
2006,7,Monaco,/en/2006/monaco.aspx
2006,8,Britain,/en/2006/grande-bretagne.aspx
2006,9,Canada,/en/2006/canada.aspx
2006,10,USA,/en/2006/etats-unis.aspx
2006,11,France,/en/2006/france.aspx
2006,12,Germany,/en/2006/allemagne.aspx
2006,13,Hungary,/en/2006/hongrie.aspx
2006,14,Turkey,/en/2006/turquie.aspx
2006,15,Italy,/en/2006/italie.aspx
2006,16,China,/en/2006/chine.aspx
2006,17,Japan,/en/2006/japon.aspx
2006,18,Brazil,/en/2006/bresil.aspx
2007,1,Australia,/en/2007/australie.aspx
2007,2,Malaysia,/en/2007/malaisie.aspx
2007,3,Bahrain,/en/2007/bahrein.aspx
2007,4,Spain,/en/2007/espagne.aspx
2007,5,Monaco,/en/2007/monaco.aspx
2007,6,Canada,/en/2007/canada.aspx
2007,7,USA,/en/2007/etats-unis.aspx
2007,8,France,/en/2007/france.aspx
2007,9,Britain,/en/2007/grande-bretagne.aspx
2007,10,Europe,/en/2007/europe.aspx
2007,11,Hungary,/en/2007/hongrie.aspx
2007,12,Turkey,/en/2007/turquie.aspx
2007,13,Italy,/en/2007/italie.aspx
2007,14,Belgium,/en/2007/belgique.aspx
2007,15,Japan,/en/2007/japon.aspx
2007,16,China,/en/2007/chine.aspx
2007,17,Brazil,/en/2007/bresil.aspx
2008,1,Australia,/en/2008/australie.aspx
2008,2,Malaysia,/en/2008/malaisie.aspx
2008,3,Bahrain,/en/2008/bahrein.aspx
2008,4,Spain,/en/2008/espagne.aspx
2008,5,Turkey,/en/2008/turquie.aspx
2008,6,Monaco,/en/2008/monaco.aspx
2008,7,Canada,/en/2008/canada.aspx
2008,8,France,/en/2008/france.aspx
2008,9,Britain,/en/2008/grande-bretagne.aspx
2008,10,Germany,/en/2008/allemagne.aspx
2008,11,Hungary,/en/2008/hongrie.aspx
2008,12,Europe,/en/2008/europe.aspx
2008,13,Belgium,/en/2008/belgique.aspx
2008,14,Italy,/en/2008/italie.aspx
2008,15,Singapore,/en/2008/singapour.aspx
2008,16,Japan,/en/2008/japon.aspx
2008,17,China,/en/2008/chine.aspx
2008,18,Brazil,/en/2008/bresil.aspx
2009,1,Australia,/en/2009/australie.aspx
2009,2,Malaysia,/en/2009/malaisie.aspx
2009,3,China,/en/2009/chine.aspx
2009,4,Bahrain,/en/2009/bahrein.aspx
2009,5,Spain,/en/2009/espagne.aspx
2009,6,Monaco,/en/2009/monaco.aspx
2009,7,Turkey,/en/2009/turquie.aspx
2009,8,Britain,/en/2009/grande-bretagne.aspx
2009,9,Germany,/en/2009/allemagne.aspx
2009,10,Hungary,/en/2009/hongrie.aspx
2009,11,Europe,/en/2009/europe.aspx
2009,12,Belgium,/en/2009/belgique.aspx
2009,13,Italy,/en/2009/italie.aspx
2009,14,Singapore,/en/2009/singapour.aspx
2009,15,Japan,/en/2009/japon.aspx
2009,16,Brazil,/en/2009/bresil.aspx
2009,17,Abu Dhabi,/en/2009/abou-dhabi.aspx
2010,1,Bahrain,/en/2010/bahrein.aspx
2010,2,Australia,/en/2010/australie.aspx
2010,3,Malaysia,/en/2010/malaisie.aspx
2010,4,China,/en/2010/chine.aspx
2010,5,Spain,/en/2010/espagne.aspx
2010,6,Monaco,/en/2010/monaco.aspx
2010,7,Turkey,/en/2010/turquie.aspx
2010,8,Canada,/en/2010/canada.aspx
2010,9,Europe,/en/2010/europe.aspx
2010,10,Britain,/en/2010/grande-bretagne.aspx
2010,11,Germany,/en/2010/allemagne.aspx
2010,12,Hungary,/en/2010/hongrie.aspx
2010,13,Belgium,/en/2010/belgique.aspx
2010,14,Italy,/en/2010/italie.aspx
2010,15,Singapore,/en/2010/singapour.aspx
2010,16,Japan,/en/2010/japon.aspx
2010,17,South Korea,/en/2010/coree-du-sud.aspx
2010,18,Brazil,/en/2010/bresil.aspx
2010,19,Abu Dhabi,/en/2010/abou-dhabi.aspx
2011,1,Australia,/en/2011/australie.aspx
2011,2,Malaysia,/en/2011/malaisie.aspx
2011,3,China,/en/2011/chine.aspx
2011,4,Turkey,/en/2011/turquie.aspx
2011,5,Spain,/en/2011/espagne.aspx
2011,6,Monaco,/en/2011/monaco.aspx
2011,7,Canada,/en/2011/canada.aspx
2011,8,Europe,/en/2011/europe.aspx
2011,9,Britain,/en/2011/grande-bretagne.aspx
2011,10,Germany,/en/2011/allemagne.aspx
2011,11,Hungary,/en/2011/hongrie.aspx
2011,12,Belgium,/en/2011/belgique.aspx
2011,13,Italy,/en/2011/italie.aspx
2011,14,Singapore,/en/2011/singapour.aspx
2011,15,Japan,/en/2011/japon.aspx
2011,16,South Korea,/en/2011/coree-du-sud.aspx
2011,17,India,/en/2011/inde.aspx
2011,18,Abu Dhabi,/en/2011/abou-dhabi.aspx
2011,19,Brazil,/en/2011/bresil.aspx
2012,1,Australia,/en/2012/australie.aspx
2012,2,Malaysia,/en/2012/malaisie.aspx
2012,3,China,/en/2012/chine.aspx
2012,4,Bahrain,/en/2012/bahrein.aspx
2012,5,Spain,/en/2012/espagne.aspx
2012,6,Monaco,/en/2012/monaco.aspx
2012,7,Canada,/en/2012/canada.aspx
2012,8,Europe,/en/2012/europe.aspx
2012,9,Britain,/en/2012/grande-bretagne.aspx
2012,10,Germany,/en/2012/allemagne.aspx
2012,11,Hungary,/en/2012/hongrie.aspx
2012,12,Belgium,/en/2012/belgique.aspx
2012,13,Italy,/en/2012/italie.aspx
2012,14,Singapore,/en/2012/singapour.aspx
2012,15,Japan,/en/2012/japon.aspx
2012,16,South Korea,/en/2012/coree-du-sud.aspx
2012,17,India,/en/2012/inde.aspx
2012,18,Abu Dhabi,/en/2012/abou-dhabi.aspx
2012,19,USA,/en/2012/etats-unis.aspx
2012,20,Brazil,/en/2012/bresil.aspx
2013,1,Australia,/en/2013/australie.aspx
2013,2,Malaysia,/en/2013/malaisie.aspx
2013,3,China,/en/2013/chine.aspx
2013,4,Bahrain,/en/2013/bahrein.aspx
2013,5,Spain,/en/2013/espagne.aspx
2013,6,Monaco,/en/2013/monaco.aspx
2013,7,Canada,/en/2013/canada.aspx
2013,8,Britain,/en/2013/grande-bretagne.aspx
2013,9,Germany,/en/2013/allemagne.aspx
2013,10,Hungary,/en/2013/hongrie.aspx
2013,11,Belgium,/en/2013/belgique.aspx
2013,12,Italy,/en/2013/italie.aspx
2013,13,Singapore,/en/2013/singapour.aspx
2013,14,South Korea,/en/2013/coree-du-sud.aspx
2013,15,Japan,/en/2013/japon.aspx
2013,16,India,/en/2013/inde.aspx
2013,17,Abu Dhabi,/en/2013/abou-dhabi.aspx
2013,18,USA,/en/2013/etats-unis.aspx
2013,19,Brazil,/en/2013/bresil.aspx
2014,1,Australia,/en/2014/australie.aspx
2014,2,Malaysia,/en/2014/malaisie.aspx
2014,3,Bahrain,/en/2014/bahrein.aspx
2014,4,China,/en/2014/chine.aspx
2014,5,Spain,/en/2014/espagne.aspx
2014,6,Monaco,/en/2014/monaco.aspx
2014,7,Canada,/en/2014/canada.aspx
2014,8,Austria,/en/2014/autriche.aspx
2014,9,Britain,/en/2014/grande-bretagne.aspx
2014,10,Germany,/en/2014/allemagne.aspx
2014,11,Hungary,/en/2014/hongrie.aspx
2014,12,Belgium,/en/2014/belgique.aspx
2014,13,Italy,/en/2014/italie.aspx
2014,14,Singapore,/en/2014/singapour.aspx
2014,15,Japan,/en/2014/japon.aspx
2014,16,Russia,/en/2014/russie.aspx
2014,17,USA,/en/2014/etats-unis.aspx
2014,18,Brazil,/en/2014/bresil.aspx
2014,19,Abu Dhabi,/en/2014/abou-dhabi.aspx
2015,1,Australia,/en/2015/australie.aspx
2015,2,Malaysia,/en/2015/malaisie.aspx
2015,3,China,/en/2015/chine.aspx
2015,4,Bahrain,/en/2015/bahrein.aspx
2015,5,Spain,/en/2015/espagne.aspx
2015,6,Monaco,/en/2015/monaco.aspx
2015,7,Canada,/en/2015/canada.aspx
2015,8,Austria,/en/2015/autriche.aspx
2015,9,Britain,/en/2015/grande-bretagne.aspx
2015,10,Hungary,/en/2015/hongrie.aspx
2015,11,Belgium,/en/2015/belgique.aspx
2015,12,Italy,/en/2015/italie.aspx
2015,13,Singapore,/en/2015/singapour.aspx
2015,14,Japan,/en/2015/japon.aspx
2015,15,Russia,/en/2015/russie.aspx
2015,16,USA,/en/2015/etats-unis.aspx
2015,17,Mexico,/en/2015/mexique.aspx
2015,18,Brazil,/en/2015/bresil.aspx
2015,19,Abu Dhabi,/en/2015/abou-dhabi.aspx
2016,1,Australia,/en/2016/australie.aspx
2016,2,Bahrain,/en/2016/bahrein.aspx
2016,3,China,/en/2016/chine.aspx
2016,4,Russia,/en/2016/russie.aspx
2016,5,Spain,/en/2016/espagne.aspx
2016,6,Monaco,/en/2016/monaco.aspx
2016,7,Canada,/en/2016/canada.aspx
2016,8,Europe,/en/2016/europe.aspx
2016,9,Austria,/en/2016/autriche.aspx
2016,10,Britain,/en/2016/grande-bretagne.aspx
2016,11,Hungary,/en/2016/hongrie.aspx
2016,12,Germany,/en/2016/allemagne.aspx
2016,13,Belgium,/en/2016/belgique.aspx
2016,14,Italy,/en/2016/italie.aspx
2016,15,Singapore,/en/2016/singapour.aspx
2016,16,Malaysia,/en/2016/malaisie.aspx
2016,17,Japan,/en/2016/japon.aspx
2016,18,USA,/en/2016/etats-unis.aspx
2016,19,Mexico,/en/2016/mexique.aspx
2016,20,Brazil,/en/2016/bresil.aspx
2016,21,Abu Dhabi,/en/2016/abou-dhabi.aspx
2017,1,Australia,/en/2017/australie.aspx
2017,2,China,/en/2017/chine.aspx
2017,3,Bahrain,/en/2017/bahrein.aspx
2017,4,Russia,/en/2017/russie.aspx
2017,5,Spain,/en/2017/espagne.aspx
2017,6,Monaco,/en/2017/monaco.aspx
2017,7,Canada,/en/2017/canada.aspx
2017,8,Azerbaijan,/en/2017/azerbaidjan.aspx
2017,9,Austria,/en/2017/autriche.aspx
2017,10,Britain,/en/2017/grande-bretagne.aspx
2017,11,Hungary,/en/2017/hongrie.aspx
2017,12,Belgium,/en/2017/belgique.aspx
2017,13,Italy,/en/2017/italie.aspx
2017,14,Singapore,/en/2017/singapour.aspx
2017,15,Malaysia,/en/2017/malaisie.aspx
2017,16,Japan,/en/2017/japon.aspx
2017,17,USA,/en/2017/etats-unis.aspx
2017,18,Mexico,/en/2017/mexique.aspx
2017,19,Brazil,/en/2017/bresil.aspx
2017,20,Abu Dhabi,/en/2017/abou-dhabi.aspx
2018,1,Australia,/en/2018/australie.aspx
2018,2,Bahrain,/en/2018/bahrein.aspx
2018,3,China,/en/2018/chine.aspx
2018,4,Azerbaijan,/en/2018/azerbaidjan.aspx
2018,5,Spain,/en/2018/espagne.aspx
2018,6,Monaco,/en/2018/monaco.aspx
2018,7,Canada,/en/2018/canada.aspx
2018,8,France,/en/2018/france.aspx
2018,9,Austria,/en/2018/autriche.aspx
2018,10,Britain,/en/2018/grande-bretagne.aspx
2018,11,Germany,/en/2018/allemagne.aspx
2018,12,Hungary,/en/2018/hongrie.aspx
2018,13,Belgium,/en/2018/belgique.aspx
2018,14,Italy,/en/2018/italie.aspx
2018,15,Singapore,/en/2018/singapour.aspx
2018,16,Russia,/en/2018/russie.aspx
2018,17,Japan,/en/2018/japon.aspx
2018,18,USA,/en/2018/etats-unis.aspx
2018,19,Mexico,/en/2018/mexique.aspx
2018,20,Brazil,/en/2018/bresil.aspx
2018,21,Abu Dhabi,/en/2018/abou-dhabi.aspx
2019,1,Australia,/en/2019/australie.aspx
2019,2,Bahrain,/en/2019/bahrein.aspx
2019,3,China,/en/2019/chine.aspx
2019,4,Azerbaijan,/en/2019/azerbaidjan.aspx
2019,5,Spain,/en/2019/espagne.aspx
2019,6,Monaco,/en/2019/monaco.aspx
2019,7,Canada,/en/2019/canada.aspx
2019,8,France,/en/2019/france.aspx
2019,9,Austria,/en/2019/autriche.aspx
2019,10,Britain,/en/2019/grande-bretagne.aspx
2019,11,Germany,/en/2019/allemagne.aspx
2019,12,Hungary,/en/2019/hongrie.aspx
2019,13,Belgium,/en/2019/belgique.aspx
2019,14,Italy,/en/2019/italie.aspx
2019,15,Singapore,/en/2019/singapour.aspx
2019,16,Russia,/en/2019/russie.aspx
2019,17,Japan,/en/2019/japon.aspx
2019,18,Mexico,/en/2019/mexique.aspx
2019,19,USA,/en/2019/etats-unis.aspx
2019,20,Brazil,/en/2019/bresil.aspx
2019,21,Abu Dhabi,/en/2019/abou-dhabi.aspx
