year,round,race_date,race_name,race_url
1950,1,13 May 1950,Great Britain,/en/results.html/1950/races/94/great-britain/race-result.html
1950,2,21 May 1950,Monaco,/en/results.html/1950/races/95/monaco/race-result.html
1950,3,30 May 1950,Indianapolis 500,/en/results.html/1950/races/96/indianapolis-500/race-result.html
1950,4,04 Jun 1950,Switzerland,/en/results.html/1950/races/97/switzerland/race-result.html
1950,5,18 Jun 1950,Belgium,/en/results.html/1950/races/98/belgium/race-result.html
1950,6,02 Jul 1950,France,/en/results.html/1950/races/99/france/race-result.html
1950,7,03 Sep 1950,Italy,/en/results.html/1950/races/100/italy/race-result.html
1951,1,27 May 1951,Switzerland,/en/results.html/1951/races/101/switzerland/race-result.html
1951,2,30 May 1951,Indianapolis 500,/en/results.html/1951/races/102/indianapolis-500/race-result.html
1951,3,17 Jun 1951,Belgium,/en/results.html/1951/races/103/belgium/race-result.html
1951,4,01 Jul 1951,France,/en/results.html/1951/races/104/france/race-result.html
1951,6,14 Jul 1951,Great Britain,/en/results.html/1951/races/105/great-britain/race-result.html
1951,7,29 Jul 1951,Germany,/en/results.html/1951/races/106/germany/race-result.html
1951,8,16 Sep 1951,Italy,/en/results.html/1951/races/107/italy/race-result.html
1951,9,28 Oct 1951,Spain,/en/results.html/1951/races/108/spain/race-result.html
1952,1,18 May 1952,Switzerland,/en/results.html/1952/races/109/switzerland/race-result.html
1952,2,30 May 1952,Indianapolis 500,/en/results.html/1952/races/110/indianapolis-500/race-result.html
1952,3,22 Jun 1952,Belgium,/en/results.html/1952/races/111/belgium/race-result.html
1952,4,06 Jul 1952,France,/en/results.html/1952/races/112/france/race-result.html
1952,5,19 Jul 1952,Great Britain,/en/results.html/1952/races/113/great-britain/race-result.html
1952,6,03 Aug 1952,Germany,/en/results.html/1952/races/114/germany/race-result.html
1952,7,17 Aug 1952,Netherlands,/en/results.html/1952/races/115/netherlands/race-result.html
1952,8,07 Sep 1952,Italy,/en/results.html/1952/races/116/italy/race-result.html
1953,1,18 Jan 1953,Argentina,/en/results.html/1953/races/117/argentina/race-result.html
1953,2,30 May 1953,Indianapolis 500,/en/results.html/1953/races/118/indianapolis-500/race-result.html
1953,3,07 Jun 1953,Netherlands,/en/results.html/1953/races/119/netherlands/race-result.html
1953,4,21 Jun 1953,Belgium,/en/results.html/1953/races/120/belgium/race-result.html
1953,5,05 Jul 1953,France,/en/results.html/1953/races/121/france/race-result.html
1953,6,18 Jul 1953,Great Britain,/en/results.html/1953/races/122/great-britain/race-result.html
1953,7,02 Aug 1953,Germany,/en/results.html/1953/races/123/germany/race-result.html
1953,8,23 Aug 1953,Switzerland,/en/results.html/1953/races/124/switzerland/race-result.html
1953,9,13 Sep 1953,Italy,/en/results.html/1953/races/125/italy/race-result.html
1954,1,17 Jan 1954,Argentina,/en/results.html/1954/races/126/argentina/race-result.html
1954,2,31 May 1954,Indianapolis 500,/en/results.html/1954/races/127/indianapolis-500/race-result.html
1954,3,20 Jun 1954,Belgium,/en/results.html/1954/races/128/belgium/race-result.html
1954,4,04 Jul 1954,France,/en/results.html/1954/races/129/france/race-result.html
1954,5,17 Jul 1954,Great Britain,/en/results.html/1954/races/130/great-britain/race-result.html
1954,6,01 Aug 1954,Germany,/en/results.html/1954/races/131/germany/race-result.html
1954,7,22 Aug 1954,Switzerland,/en/results.html/1954/races/132/switzerland/race-result.html
1954,8,05 Sep 1954,Italy,/en/results.html/1954/races/133/italy/race-result.html
1954,9,24 Oct 1954,Spain,/en/results.html/1954/races/134/spain/race-result.html
1955,1,16 Jan 1955,Argentina,/en/results.html/1955/races/135/argentina/race-result.html
1955,2,22 May 1955,Monaco,/en/results.html/1955/races/136/monaco/race-result.html
1955,3,30 May 1955,Indianapolis 500,/en/results.html/1955/races/137/indianapolis-500/race-result.html
1955,4,05 Jun 1955,Belgium,/en/results.html/1955/races/138/belgium/race-result.html
1955,5,19 Jun 1955,Netherlands,/en/results.html/1955/races/139/netherlands/race-result.html
1955,6,16 Jul 1955,Great Britain,/en/results.html/1955/races/140/great-britain/race-result.html
1955,7,11 Sep 1955,Italy,/en/results.html/1955/races/141/italy/race-result.html
1956,2,22 Jan 1956,Argentina,/en/results.html/1956/races/142/argentina/race-result.html
1956,3,13 May 1956,Monaco,/en/results.html/1956/races/143/monaco/race-result.html
1956,4,30 May 1956,Indianapolis 500,/en/results.html/1956/races/144/indianapolis-500/race-result.html
1956,5,03 Jun 1956,Belgium,/en/results.html/1956/races/145/belgium/race-result.html
1956,6,01 Jul 1956,France,/en/results.html/1956/races/146/france/race-result.html
1956,7,14 Jul 1956,Great Britain,/en/results.html/1956/races/147/great-britain/race-result.html
1956,8,05 Aug 1956,Germany,/en/results.html/1956/races/148/germany/race-result.html
1956,9,02 Sep 1956,Italy,/en/results.html/1956/races/149/italy/race-result.html
1957,1,13 Jan 1957,Argentina,/en/results.html/1957/races/150/argentina/race-result.html
1957,2,19 May 1957,Monaco,/en/results.html/1957/races/151/monaco/race-result.html
1957,3,30 May 1957,Indianapolis 500,/en/results.html/1957/races/152/indianapolis-500/race-result.html
1957,4,07 Jul 1957,France,/en/results.html/1957/races/153/france/race-result.html
1957,5,20 Jul 1957,Great Britain,/en/results.html/1957/races/154/great-britain/race-result.html
1957,7,04 Aug 1957,Germany,/en/results.html/1957/races/155/germany/race-result.html
1957,8,18 Aug 1957,Pescara,/en/results.html/1957/races/156/pescara/race-result.html
1957,9,08 Sep 1957,Italy,/en/results.html/1957/races/157/italy/race-result.html
1958,1,19 Jan 1958,Argentina,/en/results.html/1958/races/158/argentina/race-result.html
1958,2,18 May 1958,Monaco,/en/results.html/1958/races/159/monaco/race-result.html
1958,3,26 May 1958,Netherlands,/en/results.html/1958/races/160/netherlands/race-result.html
1958,4,30 May 1958,Indianapolis 500,/en/results.html/1958/races/161/indianapolis-500/race-result.html
1958,5,15 Jun 1958,Belgium,/en/results.html/1958/races/162/belgium/race-result.html
1958,6,06 Jul 1958,France,/en/results.html/1958/races/163/france/race-result.html
1958,7,19 Jul 1958,Great Britain,/en/results.html/1958/races/164/great-britain/race-result.html
1958,8,03 Aug 1958,Germany,/en/results.html/1958/races/165/germany/race-result.html
1958,9,24 Aug 1958,Portugal,/en/results.html/1958/races/166/portugal/race-result.html
1958,10,07 Sep 1958,Italy,/en/results.html/1958/races/167/italy/race-result.html
1958,11,19 Oct 1958,Morocco,/en/results.html/1958/races/168/morocco/race-result.html
1959,1,10 May 1959,Monaco,/en/results.html/1959/races/169/monaco/race-result.html
1959,2,30 May 1959,Indianapolis 500,/en/results.html/1959/races/170/indianapolis-500/race-result.html
1959,3,31 May 1959,Netherlands,/en/results.html/1959/races/171/netherlands/race-result.html
1959,4,05 Jul 1959,France,/en/results.html/1959/races/172/france/race-result.html
1959,5,18 Jul 1959,Great Britain,/en/results.html/1959/races/173/great-britain/race-result.html
1959,6,02 Aug 1959,Germany,/en/results.html/1959/races/174/germany/race-result.html
1959,7,23 Aug 1959,Portugal,/en/results.html/1959/races/175/portugal/race-result.html
1959,8,13 Sep 1959,Italy,/en/results.html/1959/races/176/italy/race-result.html
1959,9,12 Dec 1959,United States,/en/results.html/1959/races/177/united-states/race-result.html
1960,1,07 Feb 1960,Argentina,/en/results.html/1960/races/178/argentina/race-result.html
1960,2,29 May 1960,Monaco,/en/results.html/1960/races/179/monaco/race-result.html
1960,3,30 May 1960,Indianapolis 500,/en/results.html/1960/races/180/indianapolis-500/race-result.html
1960,4,06 Jun 1960,Netherlands,/en/results.html/1960/races/181/netherlands/race-result.html
1960,5,19 Jun 1960,Belgium,/en/results.html/1960/races/182/belgium/race-result.html
1960,6,03 Jul 1960,France,/en/results.html/1960/races/183/france/race-result.html
1960,7,16 Jul 1960,Great Britain,/en/results.html/1960/races/184/great-britain/race-result.html
1960,8,14 Aug 1960,Portugal,/en/results.html/1960/races/185/portugal/race-result.html
1960,9,04 Sep 1960,Italy,/en/results.html/1960/races/186/italy/race-result.html
1960,10,20 Nov 1960,United States,/en/results.html/1960/races/187/united-states/race-result.html
1961,1,14 May 1961,Monaco,/en/results.html/1961/races/188/monaco/race-result.html
1961,2,22 May 1961,Netherlands,/en/results.html/1961/races/189/netherlands/race-result.html
1961,3,18 Jun 1961,Belgium,/en/results.html/1961/races/190/belgium/race-result.html
1961,4,02 Jul 1961,France,/en/results.html/1961/races/191/france/race-result.html
1961,5,15 Jul 1961,Great Britain,/en/results.html/1961/races/192/great-britain/race-result.html
1961,6,06 Aug 1961,Germany,/en/results.html/1961/races/193/germany/race-result.html
1961,7,10 Sep 1961,Italy,/en/results.html/1961/races/194/italy/race-result.html
1961,8,08 Oct 1961,United States,/en/results.html/1961/races/195/united-states/race-result.html
1962,1,20 May 1962,Netherlands,/en/results.html/1962/races/196/netherlands/race-result.html
1962,2,03 Jun 1962,Monaco,/en/results.html/1962/races/197/monaco/race-result.html
1962,3,17 Jun 1962,Belgium,/en/results.html/1962/races/198/belgium/race-result.html
1962,4,08 Jul 1962,France,/en/results.html/1962/races/199/france/race-result.html
1962,5,21 Jul 1962,Great Britain,/en/results.html/1962/races/200/great-britain/race-result.html
1962,6,05 Aug 1962,Germany,/en/results.html/1962/races/201/germany/race-result.html
1962,7,16 Sep 1962,Italy,/en/results.html/1962/races/202/italy/race-result.html
1962,8,07 Oct 1962,United States,/en/results.html/1962/races/203/united-states/race-result.html
1962,9,29 Dec 1962,South Africa,/en/results.html/1962/races/204/south-africa/race-result.html
1963,1,26 May 1963,Monaco,/en/results.html/1963/races/205/monaco/race-result.html
1963,2,09 Jun 1963,Belgium,/en/results.html/1963/races/206/belgium/race-result.html
1963,3,23 Jun 1963,Netherlands,/en/results.html/1963/races/207/netherlands/race-result.html
1963,4,30 Jun 1963,France,/en/results.html/1963/races/208/france/race-result.html
1963,5,20 Jul 1963,Great Britain,/en/results.html/1963/races/209/great-britain/race-result.html
1963,6,04 Aug 1963,Germany,/en/results.html/1963/races/210/germany/race-result.html
1963,7,08 Sep 1963,Italy,/en/results.html/1963/races/211/italy/race-result.html
1963,8,06 Oct 1963,United States,/en/results.html/1963/races/212/united-states/race-result.html
1963,9,27 Oct 1963,Mexico,/en/results.html/1963/races/213/mexico/race-result.html
1963,10,28 Dec 1963,South Africa,/en/results.html/1963/races/214/south-africa/race-result.html
1964,1,10 May 1964,Monaco,/en/results.html/1964/races/215/monaco/race-result.html
1964,2,24 May 1964,Netherlands,/en/results.html/1964/races/216/netherlands/race-result.html
1964,3,14 Jun 1964,Belgium,/en/results.html/1964/races/217/belgium/race-result.html
1964,4,28 Jun 1964,France,/en/results.html/1964/races/218/france/race-result.html
1964,5,11 Jul 1964,Great Britain,/en/results.html/1964/races/219/great-britain/race-result.html
1964,6,02 Aug 1964,Germany,/en/results.html/1964/races/220/germany/race-result.html
1964,7,23 Aug 1964,Austria,/en/results.html/1964/races/221/austria/race-result.html
1964,8,06 Sep 1964,Italy,/en/results.html/1964/races/222/italy/race-result.html
1964,9,04 Oct 1964,United States,/en/results.html/1964/races/223/united-states/race-result.html
1964,10,25 Oct 1964,Mexico,/en/results.html/1964/races/224/mexico/race-result.html
1965,1,01 Jan 1965,South Africa,/en/results.html/1965/races/225/south-africa/race-result.html
1965,2,30 May 1965,Monaco,/en/results.html/1965/races/226/monaco/race-result.html
1965,3,13 Jun 1965,Belgium,/en/results.html/1965/races/227/belgium/race-result.html
1965,4,27 Jun 1965,France,/en/results.html/1965/races/228/france/race-result.html
1965,5,10 Jul 1965,Great Britain,/en/results.html/1965/races/229/great-britain/race-result.html
1965,6,18 Jul 1965,Netherlands,/en/results.html/1965/races/230/netherlands/race-result.html
1965,7,01 Aug 1965,Germany,/en/results.html/1965/races/231/germany/race-result.html
1965,8,12 Sep 1965,Italy,/en/results.html/1965/races/232/italy/race-result.html
1965,9,03 Oct 1965,United States,/en/results.html/1965/races/233/united-states/race-result.html
1965,10,24 Oct 1965,Mexico,/en/results.html/1965/races/234/mexico/race-result.html
1966,1,22 May 1966,Monaco,/en/results.html/1966/races/235/monaco/race-result.html
1966,2,12 Jun 1966,Belgium,/en/results.html/1966/races/236/belgium/race-result.html
1966,3,03 Jul 1966,France,/en/results.html/1966/races/237/france/race-result.html
1966,4,16 Jul 1966,Great Britain,/en/results.html/1966/races/238/great-britain/race-result.html
1966,5,24 Jul 1966,Netherlands,/en/results.html/1966/races/239/netherlands/race-result.html
1966,6,07 Aug 1966,Germany,/en/results.html/1966/races/240/germany/race-result.html
1966,7,04 Sep 1966,Italy,/en/results.html/1966/races/241/italy/race-result.html
1966,8,02 Oct 1966,United States,/en/results.html/1966/races/242/united-states/race-result.html
1966,9,23 Oct 1966,Mexico,/en/results.html/1966/races/243/mexico/race-result.html
1967,1,02 Jan 1967,South Africa,/en/results.html/1967/races/244/south-africa/race-result.html
1967,2,07 May 1967,Monaco,/en/results.html/1967/races/245/monaco/race-result.html
1967,3,04 Jun 1967,Netherlands,/en/results.html/1967/races/246/netherlands/race-result.html
1967,4,18 Jun 1967,Belgium,/en/results.html/1967/races/247/belgium/race-result.html
1967,5,02 Jul 1967,France,/en/results.html/1967/races/248/france/race-result.html
1967,6,15 Jul 1967,Great Britain,/en/results.html/1967/races/249/great-britain/race-result.html
1967,7,06 Aug 1967,Germany,/en/results.html/1967/races/250/germany/race-result.html
1967,8,27 Aug 1967,Canada,/en/results.html/1967/races/251/canada/race-result.html
1967,9,10 Sep 1967,Italy,/en/results.html/1967/races/252/italy/race-result.html
1967,10,01 Oct 1967,United States,/en/results.html/1967/races/253/united-states/race-result.html
1967,11,22 Oct 1967,Mexico,/en/results.html/1967/races/254/mexico/race-result.html
1968,1,01 Jan 1968,South Africa,/en/results.html/1968/races/255/south-africa/race-result.html
1968,2,12 May 1968,Spain,/en/results.html/1968/races/256/spain/race-result.html
1968,3,26 May 1968,Monaco,/en/results.html/1968/races/257/monaco/race-result.html
1968,4,09 Jun 1968,Belgium,/en/results.html/1968/races/258/belgium/race-result.html
1968,5,23 Jun 1968,Netherlands,/en/results.html/1968/races/259/netherlands/race-result.html
1968,6,07 Jul 1968,France,/en/results.html/1968/races/260/france/race-result.html
1968,7,20 Jul 1968,Great Britain,/en/results.html/1968/races/261/great-britain/race-result.html
1968,8,04 Aug 1968,Germany,/en/results.html/1968/races/262/germany/race-result.html
1968,9,08 Sep 1968,Italy,/en/results.html/1968/races/263/italy/race-result.html
1968,10,22 Sep 1968,Canada,/en/results.html/1968/races/264/canada/race-result.html
1968,11,06 Oct 1968,United States,/en/results.html/1968/races/265/united-states/race-result.html
1968,12,03 Nov 1968,Mexico,/en/results.html/1968/races/266/mexico/race-result.html
1969,1,01 Mar 1969,South Africa,/en/results.html/1969/races/267/south-africa/race-result.html
1969,2,04 May 1969,Spain,/en/results.html/1969/races/268/spain/race-result.html
1969,3,18 May 1969,Monaco,/en/results.html/1969/races/269/monaco/race-result.html
1969,4,21 Jun 1969,Netherlands,/en/results.html/1969/races/270/netherlands/race-result.html
1969,5,06 Jul 1969,France,/en/results.html/1969/races/271/france/race-result.html
1969,6,19 Jul 1969,Great Britain,/en/results.html/1969/races/272/great-britain/race-result.html
1969,7,03 Aug 1969,Germany,/en/results.html/1969/races/273/germany/race-result.html
1969,8,07 Sep 1969,Italy,/en/results.html/1969/races/274/italy/race-result.html
1969,9,20 Sep 1969,Canada,/en/results.html/1969/races/275/canada/race-result.html
1969,10,05 Oct 1969,United States,/en/results.html/1969/races/276/united-states/race-result.html
1969,11,19 Oct 1969,Mexico,/en/results.html/1969/races/277/mexico/race-result.html
1970,1,07 Mar 1970,South Africa,/en/results.html/1970/races/278/south-africa/race-result.html
1970,2,19 Apr 1970,Spain,/en/results.html/1970/races/279/spain/race-result.html
1970,3,10 May 1970,Monaco,/en/results.html/1970/races/280/monaco/race-result.html
1970,4,07 Jun 1970,Belgium,/en/results.html/1970/races/281/belgium/race-result.html
1970,5,21 Jun 1970,Netherlands,/en/results.html/1970/races/282/netherlands/race-result.html
1970,6,05 Jul 1970,France,/en/results.html/1970/races/283/france/race-result.html
1970,7,18 Jul 1970,Great Britain,/en/results.html/1970/races/284/great-britain/race-result.html
1970,8,02 Aug 1970,Germany,/en/results.html/1970/races/285/germany/race-result.html
1970,9,16 Aug 1970,Austria,/en/results.html/1970/races/286/austria/race-result.html
1970,10,06 Sep 1970,Italy,/en/results.html/1970/races/287/italy/race-result.html
1970,11,20 Sep 1970,Canada,/en/results.html/1970/races/288/canada/race-result.html
1970,12,04 Oct 1970,United States,/en/results.html/1970/races/289/united-states/race-result.html
1970,13,25 Oct 1970,Mexico,/en/results.html/1970/races/290/mexico/race-result.html
1971,1,06 Mar 1971,South Africa,/en/results.html/1971/races/291/south-africa/race-result.html
1971,2,18 Apr 1971,Spain,/en/results.html/1971/races/292/spain/race-result.html
1971,3,23 May 1971,Monaco,/en/results.html/1971/races/293/monaco/race-result.html
1971,4,20 Jun 1971,Netherlands,/en/results.html/1971/races/294/netherlands/race-result.html
1971,5,04 Jul 1971,France,/en/results.html/1971/races/295/france/race-result.html
1971,6,17 Jul 1971,Great Britain,/en/results.html/1971/races/296/great-britain/race-result.html
1971,7,01 Aug 1971,Germany,/en/results.html/1971/races/297/germany/race-result.html
1971,8,15 Aug 1971,Austria,/en/results.html/1971/races/298/austria/race-result.html
1971,9,05 Sep 1971,Italy,/en/results.html/1971/races/299/italy/race-result.html
1971,10,19 Sep 1971,Canada,/en/results.html/1971/races/300/canada/race-result.html
1971,11,03 Oct 1971,United States,/en/results.html/1971/races/301/united-states/race-result.html
1972,1,23 Jan 1972,Argentina,/en/results.html/1972/races/302/argentina/race-result.html
1972,2,04 Mar 1972,South Africa,/en/results.html/1972/races/303/south-africa/race-result.html
1972,3,01 May 1972,Spain,/en/results.html/1972/races/304/spain/race-result.html
1972,4,14 May 1972,Monaco,/en/results.html/1972/races/305/monaco/race-result.html
1972,5,04 Jun 1972,Belgium,/en/results.html/1972/races/306/belgium/race-result.html
1972,6,02 Jul 1972,France,/en/results.html/1972/races/307/france/race-result.html
1972,7,15 Jul 1972,Great Britain,/en/results.html/1972/races/308/great-britain/race-result.html
1972,8,30 Jul 1972,Germany,/en/results.html/1972/races/309/germany/race-result.html
1972,9,13 Aug 1972,Austria,/en/results.html/1972/races/310/austria/race-result.html
1972,10,10 Sep 1972,Italy,/en/results.html/1972/races/311/italy/race-result.html
1972,11,24 Sep 1972,Canada,/en/results.html/1972/races/312/canada/race-result.html
1972,12,08 Oct 1972,United States,/en/results.html/1972/races/313/united-states/race-result.html
1973,1,28 Jan 1973,Argentina,/en/results.html/1973/races/314/argentina/race-result.html
1973,2,11 Feb 1973,Brazil,/en/results.html/1973/races/315/brazil/race-result.html
1973,3,03 Mar 1973,South Africa,/en/results.html/1973/races/316/south-africa/race-result.html
1973,4,29 Apr 1973,Spain,/en/results.html/1973/races/317/spain/race-result.html
1973,5,20 May 1973,Belgium,/en/results.html/1973/races/318/belgium/race-result.html
1973,6,03 Jun 1973,Monaco,/en/results.html/1973/races/319/monaco/race-result.html
1973,7,17 Jun 1973,Sweden,/en/results.html/1973/races/320/sweden/race-result.html
1973,8,01 Jul 1973,France,/en/results.html/1973/races/321/france/race-result.html
1973,9,14 Jul 1973,Great Britain,/en/results.html/1973/races/322/great-britain/race-result.html
1973,10,29 Jul 1973,Netherlands,/en/results.html/1973/races/323/netherlands/race-result.html
1973,11,05 Aug 1973,Germany,/en/results.html/1973/races/324/germany/race-result.html
1973,12,19 Aug 1973,Austria,/en/results.html/1973/races/325/austria/race-result.html
1973,13,09 Sep 1973,Italy,/en/results.html/1973/races/326/italy/race-result.html
1973,14,23 Sep 1973,Canada,/en/results.html/1973/races/327/canada/race-result.html
1973,15,07 Oct 1973,United States,/en/results.html/1973/races/328/united-states/race-result.html
1974,1,13 Jan 1974,Argentina,/en/results.html/1974/races/329/argentina/race-result.html
1974,2,27 Jan 1974,Brazil,/en/results.html/1974/races/330/brazil/race-result.html
1974,3,30 Mar 1974,South Africa,/en/results.html/1974/races/331/south-africa/race-result.html
1974,4,28 Apr 1974,Spain,/en/results.html/1974/races/332/spain/race-result.html
1974,5,12 May 1974,Belgium,/en/results.html/1974/races/333/belgium/race-result.html
1974,6,26 May 1974,Monaco,/en/results.html/1974/races/334/monaco/race-result.html
1974,7,09 Jun 1974,Sweden,/en/results.html/1974/races/335/sweden/race-result.html
1974,8,23 Jun 1974,Netherlands,/en/results.html/1974/races/336/netherlands/race-result.html
1974,9,07 Jul 1974,France,/en/results.html/1974/races/337/france/race-result.html
1974,10,20 Jul 1974,Great Britain,/en/results.html/1974/races/338/great-britain/race-result.html
1974,11,04 Aug 1974,Germany,/en/results.html/1974/races/339/germany/race-result.html
1974,12,18 Aug 1974,Austria,/en/results.html/1974/races/340/austria/race-result.html
1974,13,08 Sep 1974,Italy,/en/results.html/1974/races/341/italy/race-result.html
1974,14,22 Sep 1974,Canada,/en/results.html/1974/races/342/canada/race-result.html
1974,15,06 Oct 1974,United States,/en/results.html/1974/races/343/united-states/race-result.html
1975,1,12 Jan 1975,Argentina,/en/results.html/1975/races/344/argentina/race-result.html
1975,2,26 Jan 1975,Brazil,/en/results.html/1975/races/345/brazil/race-result.html
1975,3,01 Mar 1975,South Africa,/en/results.html/1975/races/346/south-africa/race-result.html
1975,4,27 Apr 1975,Spain,/en/results.html/1975/races/347/spain/race-result.html
1975,5,11 May 1975,Monaco,/en/results.html/1975/races/348/monaco/race-result.html
1975,6,25 May 1975,Belgium,/en/results.html/1975/races/349/belgium/race-result.html
1975,7,08 Jun 1975,Sweden,/en/results.html/1975/races/350/sweden/race-result.html
1975,8,22 Jun 1975,Netherlands,/en/results.html/1975/races/351/netherlands/race-result.html
1975,9,06 Jul 1975,France,/en/results.html/1975/races/352/france/race-result.html
1975,10,19 Jul 1975,Great Britain,/en/results.html/1975/races/353/great-britain/race-result.html
1975,11,03 Aug 1975,Germany,/en/results.html/1975/races/354/germany/race-result.html
1975,12,17 Aug 1975,Austria,/en/results.html/1975/races/355/austria/race-result.html
1975,13,07 Sep 1975,Italy,/en/results.html/1975/races/356/italy/race-result.html
1975,14,05 Oct 1975,United States,/en/results.html/1975/races/357/united-states/race-result.html
1976,1,25 Jan 1976,Brazil,/en/results.html/1976/races/358/brazil/race-result.html
1976,2,06 Mar 1976,South Africa,/en/results.html/1976/races/359/south-africa/race-result.html
1976,3,28 Mar 1976,USA West,/en/results.html/1976/races/360/usa-west/race-result.html
1976,4,02 May 1976,Spain,/en/results.html/1976/races/361/spain/race-result.html
1976,5,16 May 1976,Belgium,/en/results.html/1976/races/362/belgium/race-result.html
1976,6,30 May 1976,Monaco,/en/results.html/1976/races/363/monaco/race-result.html
1976,7,13 Jun 1976,Sweden,/en/results.html/1976/races/364/sweden/race-result.html
1976,8,04 Jul 1976,France,/en/results.html/1976/races/365/france/race-result.html
1976,9,18 Jul 1976,Great Britain,/en/results.html/1976/races/366/great-britain/race-result.html
1976,10,01 Aug 1976,Germany,/en/results.html/1976/races/367/germany/race-result.html
1976,11,15 Aug 1976,Austria,/en/results.html/1976/races/368/austria/race-result.html
1976,12,29 Aug 1976,Netherlands,/en/results.html/1976/races/369/netherlands/race-result.html
1976,13,12 Sep 1976,Italy,/en/results.html/1976/races/370/italy/race-result.html
1976,14,03 Oct 1976,Canada,/en/results.html/1976/races/371/canada/race-result.html
1976,15,10 Oct 1976,USA East,/en/results.html/1976/races/372/usa-east/race-result.html
1976,16,24 Oct 1976,Japan,/en/results.html/1976/races/373/japan/race-result.html
1977,1,09 Jan 1977,Argentina,/en/results.html/1977/races/374/argentina/race-result.html
1977,2,23 Jan 1977,Brazil,/en/results.html/1977/races/375/brazil/race-result.html
1977,3,05 Mar 1977,South Africa,/en/results.html/1977/races/376/south-africa/race-result.html
1977,4,03 Apr 1977,USA West,/en/results.html/1977/races/377/usa-west/race-result.html
1977,5,08 May 1977,Spain,/en/results.html/1977/races/378/spain/race-result.html
1977,6,22 May 1977,Monaco,/en/results.html/1977/races/379/monaco/race-result.html
1977,7,05 Jun 1977,Belgium,/en/results.html/1977/races/380/belgium/race-result.html
1977,8,19 Jun 1977,Sweden,/en/results.html/1977/races/381/sweden/race-result.html
1977,9,03 Jul 1977,France,/en/results.html/1977/races/382/france/race-result.html
1977,10,16 Jul 1977,Great Britain,/en/results.html/1977/races/383/great-britain/race-result.html
1977,11,31 Jul 1977,Germany,/en/results.html/1977/races/384/germany/race-result.html
1977,12,14 Aug 1977,Austria,/en/results.html/1977/races/385/austria/race-result.html
1977,13,28 Aug 1977,Netherlands,/en/results.html/1977/races/386/netherlands/race-result.html
1977,14,11 Sep 1977,Italy,/en/results.html/1977/races/387/italy/race-result.html
1977,15,02 Oct 1977,USA East,/en/results.html/1977/races/388/usa-east/race-result.html
1977,16,09 Oct 1977,Canada,/en/results.html/1977/races/389/canada/race-result.html
1977,17,23 Oct 1977,Japan,/en/results.html/1977/races/390/japan/race-result.html
1978,1,15 Jan 1978,Argentina,/en/results.html/1978/races/391/argentina/race-result.html
1978,2,29 Jan 1978,Brazil,/en/results.html/1978/races/392/brazil/race-result.html
1978,3,04 Mar 1978,South Africa,/en/results.html/1978/races/393/south-africa/race-result.html
1978,4,02 Apr 1978,USA West,/en/results.html/1978/races/394/usa-west/race-result.html
1978,5,07 May 1978,Monaco,/en/results.html/1978/races/395/monaco/race-result.html
1978,6,21 May 1978,Belgium,/en/results.html/1978/races/396/belgium/race-result.html
1978,7,04 Jun 1978,Spain,/en/results.html/1978/races/397/spain/race-result.html
1978,8,17 Jun 1978,Sweden,/en/results.html/1978/races/398/sweden/race-result.html
1978,9,02 Jul 1978,France,/en/results.html/1978/races/399/france/race-result.html
1978,10,16 Jul 1978,Great Britain,/en/results.html/1978/races/400/great-britain/race-result.html
1978,11,30 Jul 1978,Germany,/en/results.html/1978/races/401/germany/race-result.html
1978,12,13 Aug 1978,Austria,/en/results.html/1978/races/402/austria/race-result.html
1978,13,27 Aug 1978,Netherlands,/en/results.html/1978/races/403/netherlands/race-result.html
1978,14,10 Sep 1978,Italy,/en/results.html/1978/races/404/italy/race-result.html
1978,15,01 Oct 1978,USA East,/en/results.html/1978/races/405/usa-east/race-result.html
1978,16,08 Oct 1978,Canada,/en/results.html/1978/races/406/canada/race-result.html
1979,1,21 Jan 1979,Argentina,/en/results.html/1979/races/407/argentina/race-result.html
1979,2,04 Feb 1979,Brazil,/en/results.html/1979/races/408/brazil/race-result.html
1979,3,03 Mar 1979,South Africa,/en/results.html/1979/races/409/south-africa/race-result.html
1979,4,08 Apr 1979,USA West,/en/results.html/1979/races/410/usa-west/race-result.html
1979,5,29 Apr 1979,Spain,/en/results.html/1979/races/411/spain/race-result.html
1979,6,13 May 1979,Belgium,/en/results.html/1979/races/412/belgium/race-result.html
1979,7,27 May 1979,Monaco,/en/results.html/1979/races/413/monaco/race-result.html
1979,8,01 Jul 1979,France,/en/results.html/1979/races/414/france/race-result.html
1979,9,14 Jul 1979,Great Britain,/en/results.html/1979/races/415/great-britain/race-result.html
1979,10,29 Jul 1979,Germany,/en/results.html/1979/races/416/germany/race-result.html
1979,11,12 Aug 1979,Austria,/en/results.html/1979/races/417/austria/race-result.html
1979,12,26 Aug 1979,Netherlands,/en/results.html/1979/races/418/netherlands/race-result.html
1979,13,09 Sep 1979,Italy,/en/results.html/1979/races/419/italy/race-result.html
1979,14,30 Sep 1979,Canada,/en/results.html/1979/races/420/canada/race-result.html
1979,15,07 Oct 1979,USA East,/en/results.html/1979/races/421/usa-east/race-result.html
1980,1,13 Jan 1980,Argentina,/en/results.html/1980/races/80/argentina/race-result.html
1980,2,27 Jan 1980,Brazil,/en/results.html/1980/races/81/brazil/race-result.html
1980,3,01 Mar 1980,South Africa,/en/results.html/1980/races/82/south-africa/race-result.html
1980,4,30 Mar 1980,USA West,/en/results.html/1980/races/83/usa-west/race-result.html
1980,5,04 May 1980,Belgium,/en/results.html/1980/races/84/belgium/race-result.html
1980,6,18 May 1980,Monaco,/en/results.html/1980/races/85/monaco/race-result.html
1980,7,29 Jun 1980,France,/en/results.html/1980/races/86/france/race-result.html
1980,8,13 Jul 1980,Great Britain,/en/results.html/1980/races/87/great-britain/race-result.html
1980,9,10 Aug 1980,Germany,/en/results.html/1980/races/88/germany/race-result.html
1980,10,17 Aug 1980,Austria,/en/results.html/1980/races/89/austria/race-result.html
1980,11,31 Aug 1980,Netherlands,/en/results.html/1980/races/90/netherlands/race-result.html
1980,12,14 Sep 1980,Italy,/en/results.html/1980/races/91/italy/race-result.html
1980,13,28 Sep 1980,Canada,/en/results.html/1980/races/92/canada/race-result.html
1980,14,05 Oct 1980,USA East,/en/results.html/1980/races/93/usa-east/race-result.html
1981,1,15 Mar 1981,USA West,/en/results.html/1981/races/422/usa-west/race-result.html
1981,2,29 Mar 1981,Brazil,/en/results.html/1981/races/423/brazil/race-result.html
1981,3,12 Apr 1981,Argentina,/en/results.html/1981/races/424/argentina/race-result.html
1981,4,03 May 1981,San Marino,/en/results.html/1981/races/425/san-marino/race-result.html
1981,5,17 May 1981,Belgium,/en/results.html/1981/races/426/belgium/race-result.html
1981,6,31 May 1981,Monaco,/en/results.html/1981/races/427/monaco/race-result.html
1981,7,21 Jun 1981,Spain,/en/results.html/1981/races/428/spain/race-result.html
1981,8,05 Jul 1981,France,/en/results.html/1981/races/429/france/race-result.html
1981,9,18 Jul 1981,Great Britain,/en/results.html/1981/races/430/great-britain/race-result.html
1981,10,02 Aug 1981,Germany,/en/results.html/1981/races/431/germany/race-result.html
1981,11,16 Aug 1981,Austria,/en/results.html/1981/races/432/austria/race-result.html
1981,12,30 Aug 1981,Netherlands,/en/results.html/1981/races/433/netherlands/race-result.html
1981,13,13 Sep 1981,Italy,/en/results.html/1981/races/434/italy/race-result.html
1981,14,27 Sep 1981,Canada,/en/results.html/1981/races/435/canada/race-result.html
1981,15,17 Oct 1981,Las Vegas,/en/results.html/1981/races/436/las-vegas/race-result.html
1982,1,23 Jan 1982,South Africa,/en/results.html/1982/races/437/south-africa/race-result.html
1982,2,21 Mar 1982,Brazil,/en/results.html/1982/races/438/brazil/race-result.html
1982,3,04 Apr 1982,USA West,/en/results.html/1982/races/439/usa-west/race-result.html
1982,4,25 Apr 1982,San Marino,/en/results.html/1982/races/440/san-marino/race-result.html
1982,5,09 May 1982,Belgium,/en/results.html/1982/races/441/belgium/race-result.html
1982,6,23 May 1982,Monaco,/en/results.html/1982/races/442/monaco/race-result.html
1982,7,06 Jun 1982,Detroit,/en/results.html/1982/races/443/detroit/race-result.html
1982,8,13 Jun 1982,Canada,/en/results.html/1982/races/444/canada/race-result.html
1982,9,03 Jul 1982,Netherlands,/en/results.html/1982/races/445/netherlands/race-result.html
1982,10,18 Jul 1982,Great Britain,/en/results.html/1982/races/446/great-britain/race-result.html
1982,11,25 Jul 1982,France,/en/results.html/1982/races/447/france/race-result.html
1982,12,08 Aug 1982,Germany,/en/results.html/1982/races/448/germany/race-result.html
1982,13,15 Aug 1982,Austria,/en/results.html/1982/races/449/austria/race-result.html
1982,14,29 Aug 1982,Switzerland,/en/results.html/1982/races/450/switzerland/race-result.html
1982,15,12 Sep 1982,Italy,/en/results.html/1982/races/451/italy/race-result.html
1982,16,25 Sep 1982,Las Vegas,/en/results.html/1982/races/452/las-vegas/race-result.html
1983,1,13 Mar 1983,Brazil,/en/results.html/1983/races/9/brazil/race-result.html
1983,2,27 Mar 1983,USA West,/en/results.html/1983/races/453/usa-west/race-result.html
1983,3,17 Apr 1983,France,/en/results.html/1983/races/454/france/race-result.html
1983,4,01 May 1983,San Marino,/en/results.html/1983/races/455/san-marino/race-result.html
1983,5,15 May 1983,Monaco,/en/results.html/1983/races/456/monaco/race-result.html
1983,6,22 May 1983,Belgium,/en/results.html/1983/races/457/belgium/race-result.html
1983,7,05 Jun 1983,Detroit,/en/results.html/1983/races/8/detroit/race-result.html
1983,8,12 Jun 1983,Canada,/en/results.html/1983/races/458/canada/race-result.html
1983,9,16 Jul 1983,Great Britain,/en/results.html/1983/races/459/great-britain/race-result.html
1983,10,07 Aug 1983,Germany,/en/results.html/1983/races/460/germany/race-result.html
1983,11,14 Aug 1983,Austria,/en/results.html/1983/races/461/austria/race-result.html
1983,12,28 Aug 1983,Netherlands,/en/results.html/1983/races/462/netherlands/race-result.html
1983,13,11 Sep 1983,Italy,/en/results.html/1983/races/463/italy/race-result.html
1983,14,25 Sep 1983,Europe,/en/results.html/1983/races/464/europe/race-result.html
1983,15,15 Oct 1983,South Africa,/en/results.html/1983/races/465/south-africa/race-result.html
1984,1,25 Mar 1984,Brazil,/en/results.html/1984/races/466/brazil/race-result.html
1984,2,07 Apr 1984,South Africa,/en/results.html/1984/races/467/south-africa/race-result.html
1984,3,29 Apr 1984,Belgium,/en/results.html/1984/races/468/belgium/race-result.html
1984,4,06 May 1984,San Marino,/en/results.html/1984/races/469/san-marino/race-result.html
1984,5,20 May 1984,France,/en/results.html/1984/races/470/france/race-result.html
1984,6,03 Jun 1984,Monaco,/en/results.html/1984/races/471/monaco/race-result.html
1984,7,17 Jun 1984,Canada,/en/results.html/1984/races/472/canada/race-result.html
1984,8,24 Jun 1984,Detroit,/en/results.html/1984/races/473/detroit/race-result.html
1984,9,08 Jul 1984,Dallas,/en/results.html/1984/races/474/dallas/race-result.html
1984,10,22 Jul 1984,Great Britain,/en/results.html/1984/races/475/great-britain/race-result.html
1984,11,05 Aug 1984,Germany,/en/results.html/1984/races/476/germany/race-result.html
1984,12,19 Aug 1984,Austria,/en/results.html/1984/races/477/austria/race-result.html
1984,13,26 Aug 1984,Netherlands,/en/results.html/1984/races/478/netherlands/race-result.html
1984,14,09 Sep 1984,Italy,/en/results.html/1984/races/479/italy/race-result.html
1984,15,07 Oct 1984,Europe,/en/results.html/1984/races/480/europe/race-result.html
1984,16,21 Oct 1984,Portugal,/en/results.html/1984/races/481/portugal/race-result.html
1985,1,07 Apr 1985,Brazil,/en/results.html/1985/races/482/brazil/race-result.html
1985,2,21 Apr 1985,Portugal,/en/results.html/1985/races/483/portugal/race-result.html
1985,3,05 May 1985,San Marino,/en/results.html/1985/races/484/san-marino/race-result.html
1985,4,19 May 1985,Monaco,/en/results.html/1985/races/485/monaco/race-result.html
1985,5,16 Jun 1985,Canada,/en/results.html/1985/races/486/canada/race-result.html
1985,6,23 Jun 1985,Detroit,/en/results.html/1985/races/487/detroit/race-result.html
1985,7,07 Jul 1985,France,/en/results.html/1985/races/488/france/race-result.html
1985,8,21 Jul 1985,Great Britain,/en/results.html/1985/races/489/great-britain/race-result.html
1985,9,04 Aug 1985,Germany,/en/results.html/1985/races/490/germany/race-result.html
1985,10,18 Aug 1985,Austria,/en/results.html/1985/races/491/austria/race-result.html
1985,11,25 Aug 1985,Netherlands,/en/results.html/1985/races/492/netherlands/race-result.html
1985,12,08 Sep 1985,Italy,/en/results.html/1985/races/493/italy/race-result.html
1985,13,15 Sep 1985,Belgium,/en/results.html/1985/races/494/belgium/race-result.html
1985,14,06 Oct 1985,Europe,/en/results.html/1985/races/495/europe/race-result.html
1985,15,19 Oct 1985,South Africa,/en/results.html/1985/races/496/south-africa/race-result.html
1985,16,03 Nov 1985,Australia,/en/results.html/1985/races/497/australia/race-result.html
1986,1,23 Mar 1986,Brazil,/en/results.html/1986/races/498/brazil/race-result.html
1986,2,13 Apr 1986,Spain,/en/results.html/1986/races/499/spain/race-result.html
1986,3,27 Apr 1986,San Marino,/en/results.html/1986/races/500/san-marino/race-result.html
1986,4,11 May 1986,Monaco,/en/results.html/1986/races/501/monaco/race-result.html
1986,5,25 May 1986,Belgium,/en/results.html/1986/races/502/belgium/race-result.html
1986,6,15 Jun 1986,Canada,/en/results.html/1986/races/503/canada/race-result.html
1986,7,22 Jun 1986,Detroit,/en/results.html/1986/races/504/detroit/race-result.html
1986,8,06 Jul 1986,France,/en/results.html/1986/races/505/france/race-result.html
1986,9,13 Jul 1986,Great Britain,/en/results.html/1986/races/506/great-britain/race-result.html
1986,10,27 Jul 1986,Germany,/en/results.html/1986/races/507/germany/race-result.html
1986,11,10 Aug 1986,Hungary,/en/results.html/1986/races/508/hungary/race-result.html
1986,12,17 Aug 1986,Austria,/en/results.html/1986/races/509/austria/race-result.html
1986,13,07 Sep 1986,Italy,/en/results.html/1986/races/510/italy/race-result.html
1986,14,21 Sep 1986,Portugal,/en/results.html/1986/races/511/portugal/race-result.html
1986,15,12 Oct 1986,Mexico,/en/results.html/1986/races/512/mexico/race-result.html
1986,16,26 Oct 1986,Australia,/en/results.html/1986/races/513/australia/race-result.html
1987,1,12 Apr 1987,Brazil,/en/results.html/1987/races/5/brazil/race-result.html
1987,2,03 May 1987,San Marino,/en/results.html/1987/races/6/san-marino/race-result.html
1987,3,17 May 1987,Belgium,/en/results.html/1987/races/7/belgium/race-result.html
1987,4,31 May 1987,Monaco,/en/results.html/1987/races/514/monaco/race-result.html
1987,5,21 Jun 1987,Detroit,/en/results.html/1987/races/515/detroit/race-result.html
1987,6,05 Jul 1987,France,/en/results.html/1987/races/516/france/race-result.html
1987,7,12 Jul 1987,Great Britain,/en/results.html/1987/races/517/great-britain/race-result.html
1987,8,26 Jul 1987,Germany,/en/results.html/1987/races/518/germany/race-result.html
1987,9,09 Aug 1987,Hungary,/en/results.html/1987/races/519/hungary/race-result.html
1987,10,16 Aug 1987,Austria,/en/results.html/1987/races/520/austria/race-result.html
1987,11,06 Sep 1987,Italy,/en/results.html/1987/races/521/italy/race-result.html
1987,12,20 Sep 1987,Portugal,/en/results.html/1987/races/522/portugal/race-result.html
1987,13,27 Sep 1987,Spain,/en/results.html/1987/races/523/spain/race-result.html
1987,14,18 Oct 1987,Mexico,/en/results.html/1987/races/524/mexico/race-result.html
1987,15,01 Nov 1987,Japan,/en/results.html/1987/races/525/japan/race-result.html
1987,16,15 Nov 1987,Australia,/en/results.html/1987/races/526/australia/race-result.html
1988,1,03 Apr 1988,Brazil,/en/results.html/1988/races/527/brazil/race-result.html
1988,2,01 May 1988,San Marino,/en/results.html/1988/races/528/san-marino/race-result.html
1988,3,15 May 1988,Monaco,/en/results.html/1988/races/529/monaco/race-result.html
1988,4,29 May 1988,Mexico,/en/results.html/1988/races/530/mexico/race-result.html
1988,5,12 Jun 1988,Canada,/en/results.html/1988/races/531/canada/race-result.html
1988,6,19 Jun 1988,Detroit,/en/results.html/1988/races/532/detroit/race-result.html
1988,7,03 Jul 1988,France,/en/results.html/1988/races/533/france/race-result.html
1988,8,10 Jul 1988,Great Britain,/en/results.html/1988/races/534/great-britain/race-result.html
1988,9,24 Jul 1988,Germany,/en/results.html/1988/races/535/germany/race-result.html
1988,10,07 Aug 1988,Hungary,/en/results.html/1988/races/536/hungary/race-result.html
1988,11,28 Aug 1988,Belgium,/en/results.html/1988/races/537/belgium/race-result.html
1988,12,11 Sep 1988,Italy,/en/results.html/1988/races/538/italy/race-result.html
1988,13,25 Sep 1988,Portugal,/en/results.html/1988/races/539/portugal/race-result.html
1988,14,02 Oct 1988,Spain,/en/results.html/1988/races/540/spain/race-result.html
1988,15,30 Oct 1988,Japan,/en/results.html/1988/races/541/japan/race-result.html
1988,16,13 Nov 1988,Australia,/en/results.html/1988/races/542/australia/race-result.html
1989,1,26 Mar 1989,Brazil,/en/results.html/1989/races/543/brazil/race-result.html
1989,2,23 Apr 1989,San Marino,/en/results.html/1989/races/544/san-marino/race-result.html
1989,3,07 May 1989,Monaco,/en/results.html/1989/races/545/monaco/race-result.html
1989,4,28 May 1989,Mexico,/en/results.html/1989/races/546/mexico/race-result.html
1989,5,04 Jun 1989,United States,/en/results.html/1989/races/547/united-states/race-result.html
1989,6,18 Jun 1989,Canada,/en/results.html/1989/races/548/canada/race-result.html
1989,7,09 Jul 1989,France,/en/results.html/1989/races/549/france/race-result.html
1989,8,16 Jul 1989,Great Britain,/en/results.html/1989/races/550/great-britain/race-result.html
1989,9,30 Jul 1989,Germany,/en/results.html/1989/races/551/germany/race-result.html
1989,10,13 Aug 1989,Hungary,/en/results.html/1989/races/552/hungary/race-result.html
1989,11,27 Aug 1989,Belgium,/en/results.html/1989/races/553/belgium/race-result.html
1989,12,10 Sep 1989,Italy,/en/results.html/1989/races/554/italy/race-result.html
1989,13,24 Sep 1989,Portugal,/en/results.html/1989/races/555/portugal/race-result.html
1989,14,01 Oct 1989,Spain,/en/results.html/1989/races/556/spain/race-result.html
1989,15,22 Oct 1989,Japan,/en/results.html/1989/races/557/japan/race-result.html
1989,16,05 Nov 1989,Australia,/en/results.html/1989/races/558/australia/race-result.html
1990,1,11 Mar 1990,United States,/en/results.html/1990/races/64/united-states/race-result.html
1990,2,25 Mar 1990,Brazil,/en/results.html/1990/races/65/brazil/race-result.html
1990,3,13 May 1990,San Marino,/en/results.html/1990/races/66/san-marino/race-result.html
1990,4,27 May 1990,Monaco,/en/results.html/1990/races/67/monaco/race-result.html
1990,5,10 Jun 1990,Canada,/en/results.html/1990/races/68/canada/race-result.html
1990,6,24 Jun 1990,Mexico,/en/results.html/1990/races/69/mexico/race-result.html
1990,7,08 Jul 1990,France,/en/results.html/1990/races/70/france/race-result.html
1990,8,15 Jul 1990,Great Britain,/en/results.html/1990/races/71/great-britain/race-result.html
1990,9,29 Jul 1990,Germany,/en/results.html/1990/races/72/germany/race-result.html
1990,10,12 Aug 1990,Hungary,/en/results.html/1990/races/73/hungary/race-result.html
1990,11,26 Aug 1990,Belgium,/en/results.html/1990/races/74/belgium/race-result.html
1990,12,09 Sep 1990,Italy,/en/results.html/1990/races/75/italy/race-result.html
1990,13,23 Sep 1990,Portugal,/en/results.html/1990/races/76/portugal/race-result.html
1990,14,30 Sep 1990,Spain,/en/results.html/1990/races/77/spain/race-result.html
1990,15,21 Oct 1990,Japan,/en/results.html/1990/races/78/japan/race-result.html
1990,16,04 Nov 1990,Australia,/en/results.html/1990/races/79/australia/race-result.html
1991,1,10 Mar 1991,United States,/en/results.html/1991/races/559/united-states/race-result.html
1991,2,24 Mar 1991,Brazil,/en/results.html/1991/races/560/brazil/race-result.html
1991,3,28 Apr 1991,San Marino,/en/results.html/1991/races/561/san-marino/race-result.html
1991,4,12 May 1991,Monaco,/en/results.html/1991/races/562/monaco/race-result.html
1991,5,02 Jun 1991,Canada,/en/results.html/1991/races/563/canada/race-result.html
1991,6,16 Jun 1991,Mexico,/en/results.html/1991/races/564/mexico/race-result.html
1991,7,07 Jul 1991,France,/en/results.html/1991/races/565/france/race-result.html
1991,8,14 Jul 1991,Great Britain,/en/results.html/1991/races/566/great-britain/race-result.html
1991,9,28 Jul 1991,Germany,/en/results.html/1991/races/567/germany/race-result.html
1991,10,11 Aug 1991,Hungary,/en/results.html/1991/races/568/hungary/race-result.html
1991,11,25 Aug 1991,Belgium,/en/results.html/1991/races/569/belgium/race-result.html
1991,12,08 Sep 1991,Italy,/en/results.html/1991/races/570/italy/race-result.html
1991,13,22 Sep 1991,Portugal,/en/results.html/1991/races/571/portugal/race-result.html
1991,14,29 Sep 1991,Spain,/en/results.html/1991/races/572/spain/race-result.html
1991,15,20 Oct 1991,Japan,/en/results.html/1991/races/573/japan/race-result.html
1991,16,03 Nov 1991,Australia,/en/results.html/1991/races/574/australia/race-result.html
1992,1,01 Mar 1992,South Africa,/en/results.html/1992/races/2/south-africa/race-result.html
1992,2,22 Mar 1992,Mexico,/en/results.html/1992/races/575/mexico/race-result.html
1992,3,05 Apr 1992,Brazil,/en/results.html/1992/races/576/brazil/race-result.html
1992,4,03 May 1992,Spain,/en/results.html/1992/races/577/spain/race-result.html
1992,5,17 May 1992,San Marino,/en/results.html/1992/races/578/san-marino/race-result.html
1992,6,31 May 1992,Monaco,/en/results.html/1992/races/579/monaco/race-result.html
1992,7,14 Jun 1992,Canada,/en/results.html/1992/races/580/canada/race-result.html
1992,8,05 Jul 1992,France,/en/results.html/1992/races/581/france/race-result.html
1992,9,12 Jul 1992,Great Britain,/en/results.html/1992/races/582/great-britain/race-result.html
1992,10,26 Jul 1992,Germany,/en/results.html/1992/races/583/germany/race-result.html
1992,11,16 Aug 1992,Hungary,/en/results.html/1992/races/584/hungary/race-result.html
1992,12,30 Aug 1992,Belgium,/en/results.html/1992/races/585/belgium/race-result.html
1992,13,13 Sep 1992,Italy,/en/results.html/1992/races/586/italy/race-result.html
1992,14,27 Sep 1992,Portugal,/en/results.html/1992/races/587/portugal/race-result.html
1992,15,25 Oct 1992,Japan,/en/results.html/1992/races/588/japan/race-result.html
1992,16,08 Nov 1992,Australia,/en/results.html/1992/races/589/australia/race-result.html
1993,1,14 Mar 1993,South Africa,/en/results.html/1993/races/590/south-africa/race-result.html
1993,2,28 Mar 1993,Brazil,/en/results.html/1993/races/591/brazil/race-result.html
1993,3,11 Apr 1993,Europe,/en/results.html/1993/races/592/europe/race-result.html
1993,4,25 Apr 1993,San Marino,/en/results.html/1993/races/593/san-marino/race-result.html
1993,5,09 May 1993,Spain,/en/results.html/1993/races/594/spain/race-result.html
1993,6,23 May 1993,Monaco,/en/results.html/1993/races/595/monaco/race-result.html
1993,7,13 Jun 1993,Canada,/en/results.html/1993/races/596/canada/race-result.html
1993,8,04 Jul 1993,France,/en/results.html/1993/races/597/france/race-result.html
1993,9,11 Jul 1993,Great Britain,/en/results.html/1993/races/3/great-britain/race-result.html
1993,10,25 Jul 1993,Germany,/en/results.html/1993/races/598/germany/race-result.html
1993,11,15 Aug 1993,Hungary,/en/results.html/1993/races/599/hungary/race-result.html
1993,12,29 Aug 1993,Belgium,/en/results.html/1993/races/600/belgium/race-result.html
1993,13,12 Sep 1993,Italy,/en/results.html/1993/races/601/italy/race-result.html
1993,14,26 Sep 1993,Portugal,/en/results.html/1993/races/602/portugal/race-result.html
1993,15,24 Oct 1993,Japan,/en/results.html/1993/races/603/japan/race-result.html
1993,16,07 Nov 1993,Australia,/en/results.html/1993/races/604/australia/race-result.html
1994,1,27 Mar 1994,Brazil,/en/results.html/1994/races/605/brazil/race-result.html
1994,2,17 Apr 1994,Pacific,/en/results.html/1994/races/606/pacific/race-result.html
1994,3,01 May 1994,San Marino,/en/results.html/1994/races/607/san-marino/race-result.html
1994,4,15 May 1994,Monaco,/en/results.html/1994/races/608/monaco/race-result.html
1994,5,29 May 1994,Spain,/en/results.html/1994/races/609/spain/race-result.html
1994,6,12 Jun 1994,Canada,/en/results.html/1994/races/610/canada/race-result.html
1994,7,03 Jul 1994,France,/en/results.html/1994/races/611/france/race-result.html
1994,8,10 Jul 1994,Great Britain,/en/results.html/1994/races/612/great-britain/race-result.html
1994,9,31 Jul 1994,Germany,/en/results.html/1994/races/613/germany/race-result.html
1994,10,14 Aug 1994,Hungary,/en/results.html/1994/races/614/hungary/race-result.html
1994,11,28 Aug 1994,Belgium,/en/results.html/1994/races/615/belgium/race-result.html
1994,12,11 Sep 1994,Italy,/en/results.html/1994/races/616/italy/race-result.html
1994,13,25 Sep 1994,Portugal,/en/results.html/1994/races/617/portugal/race-result.html
1994,14,16 Oct 1994,Europe,/en/results.html/1994/races/618/europe/race-result.html
1994,15,06 Nov 1994,Japan,/en/results.html/1994/races/619/japan/race-result.html
1994,16,13 Nov 1994,Australia,/en/results.html/1994/races/620/australia/race-result.html
1995,1,26 Mar 1995,Brazil,/en/results.html/1995/races/621/brazil/race-result.html
1995,2,09 Apr 1995,Argentina,/en/results.html/1995/races/622/argentina/race-result.html
1995,3,30 Apr 1995,San Marino,/en/results.html/1995/races/623/san-marino/race-result.html
1995,4,14 May 1995,Spain,/en/results.html/1995/races/624/spain/race-result.html
1995,5,28 May 1995,Monaco,/en/results.html/1995/races/625/monaco/race-result.html
1995,6,11 Jun 1995,Canada,/en/results.html/1995/races/626/canada/race-result.html
1995,7,02 Jul 1995,France,/en/results.html/1995/races/627/france/race-result.html
1995,8,16 Jul 1995,Great Britain,/en/results.html/1995/races/628/great-britain/race-result.html
1995,9,30 Jul 1995,Germany,/en/results.html/1995/races/629/germany/race-result.html
1995,10,13 Aug 1995,Hungary,/en/results.html/1995/races/630/hungary/race-result.html
1995,11,27 Aug 1995,Belgium,/en/results.html/1995/races/631/belgium/race-result.html
1995,12,10 Sep 1995,Italy,/en/results.html/1995/races/632/italy/race-result.html
1995,13,24 Sep 1995,Portugal,/en/results.html/1995/races/633/portugal/race-result.html
1995,14,01 Oct 1995,Europe,/en/results.html/1995/races/634/europe/race-result.html
1995,15,22 Oct 1995,Pacific,/en/results.html/1995/races/635/pacific/race-result.html
1995,16,29 Oct 1995,Japan,/en/results.html/1995/races/636/japan/race-result.html
1995,17,12 Nov 1995,Australia,/en/results.html/1995/races/637/australia/race-result.html
1996,1,10 Mar 1996,Australia,/en/results.html/1996/races/638/australia/race-result.html
1996,2,31 Mar 1996,Brazil,/en/results.html/1996/races/639/brazil/race-result.html
1996,3,07 Apr 1996,Argentina,/en/results.html/1996/races/640/argentina/race-result.html
1996,4,28 Apr 1996,Europe,/en/results.html/1996/races/641/europe/race-result.html
1996,5,05 May 1996,San Marino,/en/results.html/1996/races/642/san-marino/race-result.html
1996,6,19 May 1996,Monaco,/en/results.html/1996/races/643/monaco/race-result.html
1996,7,02 Jun 1996,Spain,/en/results.html/1996/races/644/spain/race-result.html
1996,8,16 Jun 1996,Canada,/en/results.html/1996/races/645/canada/race-result.html
1996,9,30 Jun 1996,France,/en/results.html/1996/races/646/france/race-result.html
1996,10,14 Jul 1996,Great Britain,/en/results.html/1996/races/647/great-britain/race-result.html
1996,11,28 Jul 1996,Germany,/en/results.html/1996/races/648/germany/race-result.html
1996,12,11 Aug 1996,Hungary,/en/results.html/1996/races/649/hungary/race-result.html
1996,13,25 Aug 1996,Belgium,/en/results.html/1996/races/650/belgium/race-result.html
1996,14,08 Sep 1996,Italy,/en/results.html/1996/races/651/italy/race-result.html
1996,15,22 Sep 1996,Portugal,/en/results.html/1996/races/652/portugal/race-result.html
1996,16,13 Oct 1996,Japan,/en/results.html/1996/races/653/japan/race-result.html
1997,1,09 Mar 1997,Australia,/en/results.html/1997/races/654/australia/race-result.html
1997,2,30 Mar 1997,Brazil,/en/results.html/1997/races/655/brazil/race-result.html
1997,3,13 Apr 1997,Argentina,/en/results.html/1997/races/656/argentina/race-result.html
1997,4,27 Apr 1997,San Marino,/en/results.html/1997/races/657/san-marino/race-result.html
1997,5,11 May 1997,Monaco,/en/results.html/1997/races/658/monaco/race-result.html
1997,6,25 May 1997,Spain,/en/results.html/1997/races/659/spain/race-result.html
1997,7,15 Jun 1997,Canada,/en/results.html/1997/races/660/canada/race-result.html
1997,8,29 Jun 1997,France,/en/results.html/1997/races/661/france/race-result.html
1997,9,13 Jul 1997,Great Britain,/en/results.html/1997/races/662/great-britain/race-result.html
1997,10,27 Jul 1997,Germany,/en/results.html/1997/races/663/germany/race-result.html
1997,11,10 Aug 1997,Hungary,/en/results.html/1997/races/664/hungary/race-result.html
1997,12,24 Aug 1997,Belgium,/en/results.html/1997/races/665/belgium/race-result.html
1997,13,07 Sep 1997,Italy,/en/results.html/1997/races/666/italy/race-result.html
1997,14,21 Sep 1997,Austria,/en/results.html/1997/races/667/austria/race-result.html
1997,15,28 Sep 1997,Luxembourg,/en/results.html/1997/races/668/luxembourg/race-result.html
1997,16,12 Oct 1997,Japan,/en/results.html/1997/races/669/japan/race-result.html
1997,17,26 Oct 1997,Europe,/en/results.html/1997/races/670/europe/race-result.html
1998,1,08 Mar 1998,Australia,/en/results.html/1998/races/671/australia/race-result.html
1998,2,29 Mar 1998,Brazil,/en/results.html/1998/races/672/brazil/race-result.html
1998,3,12 Apr 1998,Argentina,/en/results.html/1998/races/673/argentina/race-result.html
1998,4,26 Apr 1998,San Marino,/en/results.html/1998/races/674/san-marino/race-result.html
1998,5,10 May 1998,Spain,/en/results.html/1998/races/675/spain/race-result.html
1998,6,24 May 1998,Monaco,/en/results.html/1998/races/676/monaco/race-result.html
1998,7,07 Jun 1998,Canada,/en/results.html/1998/races/677/canada/race-result.html
1998,8,28 Jun 1998,France,/en/results.html/1998/races/678/france/race-result.html
1998,9,12 Jul 1998,Great Britain,/en/results.html/1998/races/679/great-britain/race-result.html
1998,10,26 Jul 1998,Austria,/en/results.html/1998/races/680/austria/race-result.html
1998,11,02 Aug 1998,Germany,/en/results.html/1998/races/681/germany/race-result.html
1998,12,16 Aug 1998,Hungary,/en/results.html/1998/races/682/hungary/race-result.html
1998,13,30 Aug 1998,Belgium,/en/results.html/1998/races/683/belgium/race-result.html
1998,14,13 Sep 1998,Italy,/en/results.html/1998/races/684/italy/race-result.html
1998,15,27 Sep 1998,Luxembourg,/en/results.html/1998/races/685/luxembourg/race-result.html
1998,16,01 Nov 1998,Japan,/en/results.html/1998/races/686/japan/race-result.html
1999,1,07 Mar 1999,Australia,/en/results.html/1999/races/687/australia/race-result.html
1999,2,11 Apr 1999,Brazil,/en/results.html/1999/races/688/brazil/race-result.html
1999,3,02 May 1999,San Marino,/en/results.html/1999/races/689/san-marino/race-result.html
1999,4,16 May 1999,Monaco,/en/results.html/1999/races/690/monaco/race-result.html
1999,5,30 May 1999,Spain,/en/results.html/1999/races/691/spain/race-result.html
1999,6,13 Jun 1999,Canada,/en/results.html/1999/races/692/canada/race-result.html
1999,7,27 Jun 1999,France,/en/results.html/1999/races/693/france/race-result.html
1999,8,11 Jul 1999,Great Britain,/en/results.html/1999/races/694/great-britain/race-result.html
1999,9,25 Jul 1999,Austria,/en/results.html/1999/races/695/austria/race-result.html
1999,10,01 Aug 1999,Germany,/en/results.html/1999/races/696/germany/race-result.html
1999,11,15 Aug 1999,Hungary,/en/results.html/1999/races/697/hungary/race-result.html
1999,12,29 Aug 1999,Belgium,/en/results.html/1999/races/698/belgium/race-result.html
1999,13,12 Sep 1999,Italy,/en/results.html/1999/races/699/italy/race-result.html
1999,14,26 Sep 1999,Europe,/en/results.html/1999/races/700/europe/race-result.html
1999,15,17 Oct 1999,Malaysia,/en/results.html/1999/races/701/malaysia/race-result.html
1999,16,31 Oct 1999,Japan,/en/results.html/1999/races/702/japan/race-result.html
2000,1,12 Mar 2000,Australia,/en/results.html/2000/races/47/australia/race-result.html
2000,2,26 Mar 2000,Brazil,/en/results.html/2000/races/48/brazil/race-result.html
2000,3,09 Apr 2000,San Marino,/en/results.html/2000/races/49/san-marino/race-result.html
2000,4,23 Apr 2000,Great Britain,/en/results.html/2000/races/50/great-britain/race-result.html
2000,5,07 May 2000,Spain,/en/results.html/2000/races/51/spain/race-result.html
2000,6,21 May 2000,Europe,/en/results.html/2000/races/52/europe/race-result.html
2000,7,04 Jun 2000,Monaco,/en/results.html/2000/races/53/monaco/race-result.html
2000,8,18 Jun 2000,Canada,/en/results.html/2000/races/54/canada/race-result.html
2000,9,02 Jul 2000,France,/en/results.html/2000/races/55/france/race-result.html
2000,10,16 Jul 2000,Austria,/en/results.html/2000/races/56/austria/race-result.html
2000,11,30 Jul 2000,Germany,/en/results.html/2000/races/57/germany/race-result.html
2000,12,13 Aug 2000,Hungary,/en/results.html/2000/races/58/hungary/race-result.html
2000,13,27 Aug 2000,Belgium,/en/results.html/2000/races/59/belgium/race-result.html
2000,14,10 Sep 2000,Italy,/en/results.html/2000/races/60/italy/race-result.html
2000,15,24 Sep 2000,United States,/en/results.html/2000/races/61/united-states/race-result.html
2000,16,08 Oct 2000,Japan,/en/results.html/2000/races/62/japan/race-result.html
2000,17,22 Oct 2000,Malaysia,/en/results.html/2000/races/63/malaysia/race-result.html
2001,1,04 Mar 2001,Australia,/en/results.html/2001/races/703/australia/race-result.html
2001,2,18 Mar 2001,Malaysia,/en/results.html/2001/races/704/malaysia/race-result.html
2001,3,01 Apr 2001,Brazil,/en/results.html/2001/races/705/brazil/race-result.html
2001,4,15 Apr 2001,San Marino,/en/results.html/2001/races/706/san-marino/race-result.html
2001,5,29 Apr 2001,Spain,/en/results.html/2001/races/707/spain/race-result.html
2001,6,13 May 2001,Austria,/en/results.html/2001/races/708/austria/race-result.html
2001,7,27 May 2001,Monaco,/en/results.html/2001/races/709/monaco/race-result.html
2001,8,10 Jun 2001,Canada,/en/results.html/2001/races/710/canada/race-result.html
2001,9,24 Jun 2001,Europe,/en/results.html/2001/races/711/europe/race-result.html
2001,10,01 Jul 2001,France,/en/results.html/2001/races/712/france/race-result.html
2001,11,15 Jul 2001,Great Britain,/en/results.html/2001/races/713/great-britain/race-result.html
2001,12,29 Jul 2001,Germany,/en/results.html/2001/races/714/germany/race-result.html
2001,13,19 Aug 2001,Hungary,/en/results.html/2001/races/715/hungary/race-result.html
2001,14,02 Sep 2001,Belgium,/en/results.html/2001/races/716/belgium/race-result.html
2001,15,16 Sep 2001,Italy,/en/results.html/2001/races/717/italy/race-result.html
2001,16,30 Sep 2001,United States,/en/results.html/2001/races/718/united-states/race-result.html
2001,17,14 Oct 2001,Japan,/en/results.html/2001/races/719/japan/race-result.html
2002,1,03 Mar 2002,Australia,/en/results.html/2002/races/720/australia/race-result.html
2002,2,17 Mar 2002,Malaysia,/en/results.html/2002/races/721/malaysia/race-result.html
2002,3,31 Mar 2002,Brazil,/en/results.html/2002/races/722/brazil/race-result.html
2002,4,14 Apr 2002,San Marino,/en/results.html/2002/races/723/san-marino/race-result.html
2002,5,28 Apr 2002,Spain,/en/results.html/2002/races/724/spain/race-result.html
2002,6,12 May 2002,Austria,/en/results.html/2002/races/725/austria/race-result.html
2002,7,26 May 2002,Monaco,/en/results.html/2002/races/726/monaco/race-result.html
2002,8,09 Jun 2002,Canada,/en/results.html/2002/races/727/canada/race-result.html
2002,9,23 Jun 2002,Europe,/en/results.html/2002/races/728/europe/race-result.html
2002,10,07 Jul 2002,Great Britain,/en/results.html/2002/races/729/great-britain/race-result.html
2002,11,21 Jul 2002,France,/en/results.html/2002/races/730/france/race-result.html
2002,12,28 Jul 2002,Germany,/en/results.html/2002/races/731/germany/race-result.html
2002,13,18 Aug 2002,Hungary,/en/results.html/2002/races/732/hungary/race-result.html
2002,14,01 Sep 2002,Belgium,/en/results.html/2002/races/733/belgium/race-result.html
2002,15,15 Sep 2002,Italy,/en/results.html/2002/races/734/italy/race-result.html
2002,16,29 Sep 2002,United States,/en/results.html/2002/races/735/united-states/race-result.html
2002,17,13 Oct 2002,Japan,/en/results.html/2002/races/736/japan/race-result.html
2003,1,09 Mar 2003,Australia,/en/results.html/2003/races/737/australia/race-result.html
2003,2,23 Mar 2003,Malaysia,/en/results.html/2003/races/738/malaysia/race-result.html
2003,3,06 Apr 2003,Brazil,/en/results.html/2003/races/739/brazil/race-result.html
2003,4,20 Apr 2003,San Marino,/en/results.html/2003/races/740/san-marino/race-result.html
2003,5,04 May 2003,Spain,/en/results.html/2003/races/741/spain/race-result.html
2003,6,18 May 2003,Austria,/en/results.html/2003/races/742/austria/race-result.html
2003,7,01 Jun 2003,Monaco,/en/results.html/2003/races/743/monaco/race-result.html
2003,8,15 Jun 2003,Canada,/en/results.html/2003/races/744/canada/race-result.html
2003,9,29 Jun 2003,Europe,/en/results.html/2003/races/745/europe/race-result.html
2003,10,06 Jul 2003,France,/en/results.html/2003/races/746/france/race-result.html
2003,11,20 Jul 2003,Great Britain,/en/results.html/2003/races/747/great-britain/race-result.html
2003,12,03 Aug 2003,Germany,/en/results.html/2003/races/748/germany/race-result.html
2003,13,24 Aug 2003,Hungary,/en/results.html/2003/races/749/hungary/race-result.html
2003,14,14 Sep 2003,Italy,/en/results.html/2003/races/750/italy/race-result.html
2003,15,28 Sep 2003,United States,/en/results.html/2003/races/751/united-states/race-result.html
2003,16,12 Oct 2003,Japan,/en/results.html/2003/races/752/japan/race-result.html
2004,1,07 Mar 2004,Australia,/en/results.html/2004/races/753/australia/race-result.html
2004,2,21 Mar 2004,Malaysia,/en/results.html/2004/races/754/malaysia/race-result.html
2004,3,04 Apr 2004,Bahrain,/en/results.html/2004/races/755/bahrain/race-result.html
2004,4,25 Apr 2004,San Marino,/en/results.html/2004/races/756/san-marino/race-result.html
2004,5,09 May 2004,Spain,/en/results.html/2004/races/757/spain/race-result.html
2004,6,23 May 2004,Monaco,/en/results.html/2004/races/758/monaco/race-result.html
2004,7,30 May 2004,Europe,/en/results.html/2004/races/759/europe/race-result.html
2004,8,13 Jun 2004,Canada,/en/results.html/2004/races/760/canada/race-result.html
2004,9,20 Jun 2004,United States,/en/results.html/2004/races/761/united-states/race-result.html
2004,10,04 Jul 2004,France,/en/results.html/2004/races/762/france/race-result.html
2004,11,11 Jul 2004,Great Britain,/en/results.html/2004/races/763/great-britain/race-result.html
2004,12,25 Jul 2004,Germany,/en/results.html/2004/races/764/germany/race-result.html
2004,13,15 Aug 2004,Hungary,/en/results.html/2004/races/765/hungary/race-result.html
2004,14,29 Aug 2004,Belgium,/en/results.html/2004/races/766/belgium/race-result.html
2004,15,12 Sep 2004,Italy,/en/results.html/2004/races/767/italy/race-result.html
2004,16,26 Sep 2004,China,/en/results.html/2004/races/768/china/race-result.html
2004,17,10 Oct 2004,Japan,/en/results.html/2004/races/769/japan/race-result.html
2004,18,24 Oct 2004,Brazil,/en/results.html/2004/races/770/brazil/race-result.html
2005,1,06 Mar 2005,Australia,/en/results.html/2005/races/771/australia/race-result.html
2005,2,20 Mar 2005,Malaysia,/en/results.html/2005/races/772/malaysia/race-result.html
2005,3,03 Apr 2005,Bahrain,/en/results.html/2005/races/773/bahrain/race-result.html
2005,4,24 Apr 2005,San Marino,/en/results.html/2005/races/774/san-marino/race-result.html
2005,5,08 May 2005,Spain,/en/results.html/2005/races/775/spain/race-result.html
2005,6,22 May 2005,Monaco,/en/results.html/2005/races/776/monaco/race-result.html
2005,7,29 May 2005,Europe,/en/results.html/2005/races/777/europe/race-result.html
2005,8,12 Jun 2005,Canada,/en/results.html/2005/races/778/canada/race-result.html
2005,9,19 Jun 2005,United States,/en/results.html/2005/races/779/united-states/race-result.html
2005,10,03 Jul 2005,France,/en/results.html/2005/races/780/france/race-result.html
2005,11,10 Jul 2005,Great Britain,/en/results.html/2005/races/781/great-britain/race-result.html
2005,12,24 Jul 2005,Germany,/en/results.html/2005/races/782/germany/race-result.html
2005,13,31 Jul 2005,Hungary,/en/results.html/2005/races/783/hungary/race-result.html
2005,14,21 Aug 2005,Turkey,/en/results.html/2005/races/784/turkey/race-result.html
2005,15,04 Sep 2005,Italy,/en/results.html/2005/races/785/italy/race-result.html
2005,16,11 Sep 2005,Belgium,/en/results.html/2005/races/786/belgium/race-result.html
2005,17,25 Sep 2005,Brazil,/en/results.html/2005/races/787/brazil/race-result.html
2005,18,09 Oct 2005,Japan,/en/results.html/2005/races/788/japan/race-result.html
2005,19,16 Oct 2005,China,/en/results.html/2005/races/789/china/race-result.html
2006,1,12 Mar 2006,Bahrain,/en/results.html/2006/races/790/bahrain/race-result.html
2006,2,19 Mar 2006,Malaysia,/en/results.html/2006/races/791/malaysia/race-result.html
2006,3,02 Apr 2006,Australia,/en/results.html/2006/races/792/australia/race-result.html
2006,4,23 Apr 2006,San Marino,/en/results.html/2006/races/793/san-marino/race-result.html
2006,5,07 May 2006,Europe,/en/results.html/2006/races/794/europe/race-result.html
2006,6,14 May 2006,Spain,/en/results.html/2006/races/795/spain/race-result.html
2006,7,28 May 2006,Monaco,/en/results.html/2006/races/796/monaco/race-result.html
2006,8,11 Jun 2006,Great Britain,/en/results.html/2006/races/797/great-britain/race-result.html
2006,9,25 Jun 2006,Canada,/en/results.html/2006/races/798/canada/race-result.html
2006,10,02 Jul 2006,United States,/en/results.html/2006/races/799/united-states/race-result.html
2006,11,16 Jul 2006,France,/en/results.html/2006/races/800/france/race-result.html
2006,12,30 Jul 2006,Germany,/en/results.html/2006/races/801/germany/race-result.html
2006,13,06 Aug 2006,Hungary,/en/results.html/2006/races/802/hungary/race-result.html
2006,14,27 Aug 2006,Turkey,/en/results.html/2006/races/803/turkey/race-result.html
2006,15,10 Sep 2006,Italy,/en/results.html/2006/races/804/italy/race-result.html
2006,16,01 Oct 2006,China,/en/results.html/2006/races/805/china/race-result.html
2006,17,08 Oct 2006,Japan,/en/results.html/2006/races/806/japan/race-result.html
2006,18,22 Oct 2006,Brazil,/en/results.html/2006/races/807/brazil/race-result.html
2007,1,18 Mar 2007,Australia,/en/results.html/2007/races/808/australia/race-result.html
2007,2,08 Apr 2007,Malaysia,/en/results.html/2007/races/809/malaysia/race-result.html
2007,3,15 Apr 2007,Bahrain,/en/results.html/2007/races/810/bahrain/race-result.html
2007,4,13 May 2007,Spain,/en/results.html/2007/races/811/spain/race-result.html
2007,5,27 May 2007,Monaco,/en/results.html/2007/races/812/monaco/race-result.html
2007,6,10 Jun 2007,Canada,/en/results.html/2007/races/813/canada/race-result.html
2007,7,17 Jun 2007,United States,/en/results.html/2007/races/814/united-states/race-result.html
2007,8,01 Jul 2007,France,/en/results.html/2007/races/815/france/race-result.html
2007,9,08 Jul 2007,Great Britain,/en/results.html/2007/races/816/great-britain/race-result.html
2007,10,22 Jul 2007,Europe,/en/results.html/2007/races/817/europe/race-result.html
2007,11,05 Aug 2007,Hungary,/en/results.html/2007/races/818/hungary/race-result.html
2007,12,26 Aug 2007,Turkey,/en/results.html/2007/races/819/turkey/race-result.html
2007,13,09 Sep 2007,Italy,/en/results.html/2007/races/820/italy/race-result.html
2007,14,16 Sep 2007,Belgium,/en/results.html/2007/races/821/belgium/race-result.html
2007,15,30 Sep 2007,Japan,/en/results.html/2007/races/822/japan/race-result.html
2007,16,07 Oct 2007,China,/en/results.html/2007/races/823/china/race-result.html
2007,17,21 Oct 2007,Brazil,/en/results.html/2007/races/824/brazil/race-result.html
2008,1,16 Mar 2008,Australia,/en/results.html/2008/races/825/australia/race-result.html
2008,2,23 Mar 2008,Malaysia,/en/results.html/2008/races/826/malaysia/race-result.html
2008,3,06 Apr 2008,Bahrain,/en/results.html/2008/races/827/bahrain/race-result.html
2008,4,27 Apr 2008,Spain,/en/results.html/2008/races/828/spain/race-result.html
2008,5,11 May 2008,Turkey,/en/results.html/2008/races/829/turkey/race-result.html
2008,6,25 May 2008,Monaco,/en/results.html/2008/races/830/monaco/race-result.html
2008,7,08 Jun 2008,Canada,/en/results.html/2008/races/831/canada/race-result.html
2008,8,22 Jun 2008,France,/en/results.html/2008/races/832/france/race-result.html
2008,9,06 Jul 2008,Great Britain,/en/results.html/2008/races/833/great-britain/race-result.html
2008,10,20 Jul 2008,Germany,/en/results.html/2008/races/834/germany/race-result.html
2008,11,03 Aug 2008,Hungary,/en/results.html/2008/races/835/hungary/race-result.html
2008,12,24 Aug 2008,Europe,/en/results.html/2008/races/836/europe/race-result.html
2008,13,07 Sep 2008,Belgium,/en/results.html/2008/races/837/belgium/race-result.html
2008,14,14 Sep 2008,Italy,/en/results.html/2008/races/838/italy/race-result.html
2008,15,28 Sep 2008,Singapore,/en/results.html/2008/races/839/singapore/race-result.html
2008,16,12 Oct 2008,Japan,/en/results.html/2008/races/840/japan/race-result.html
2008,17,19 Oct 2008,China,/en/results.html/2008/races/841/china/race-result.html
2008,18,02 Nov 2008,Brazil,/en/results.html/2008/races/842/brazil/race-result.html
2009,1,29 Mar 2009,Australia,/en/results.html/2009/races/843/australia/race-result.html
2009,2,05 Apr 2009,Malaysia,/en/results.html/2009/races/844/malaysia/race-result.html
2009,3,19 Apr 2009,China,/en/results.html/2009/races/845/china/race-result.html
2009,4,26 Apr 2009,Bahrain,/en/results.html/2009/races/846/bahrain/race-result.html
2009,5,10 May 2009,Spain,/en/results.html/2009/races/847/spain/race-result.html
2009,6,24 May 2009,Monaco,/en/results.html/2009/races/848/monaco/race-result.html
2009,7,07 Jun 2009,Turkey,/en/results.html/2009/races/849/turkey/race-result.html
2009,8,21 Jun 2009,Great Britain,/en/results.html/2009/races/850/great-britain/race-result.html
2009,9,12 Jul 2009,Germany,/en/results.html/2009/races/851/germany/race-result.html
2009,10,26 Jul 2009,Hungary,/en/results.html/2009/races/852/hungary/race-result.html
2009,11,23 Aug 2009,Europe,/en/results.html/2009/races/853/europe/race-result.html
2009,12,30 Aug 2009,Belgium,/en/results.html/2009/races/854/belgium/race-result.html
2009,13,13 Sep 2009,Italy,/en/results.html/2009/races/855/italy/race-result.html
2009,14,27 Sep 2009,Singapore,/en/results.html/2009/races/856/singapore/race-result.html
2009,15,04 Oct 2009,Japan,/en/results.html/2009/races/857/japan/race-result.html
2009,16,18 Oct 2009,Brazil,/en/results.html/2009/races/858/brazil/race-result.html
2009,17,01 Nov 2009,Abu Dhabi,/en/results.html/2009/races/859/abu-dhabi/race-result.html
2010,1,14 Mar 2010,Bahrain,/en/results.html/2010/races/860/bahrain/race-result.html
2010,2,28 Mar 2010,Australia,/en/results.html/2010/races/861/australia/race-result.html
2010,3,04 Apr 2010,Malaysia,/en/results.html/2010/races/862/malaysia/race-result.html
2010,4,18 Apr 2010,China,/en/results.html/2010/races/863/china/race-result.html
2010,5,09 May 2010,Spain,/en/results.html/2010/races/864/spain/race-result.html
2010,6,16 May 2010,Monaco,/en/results.html/2010/races/865/monaco/race-result.html
2010,7,30 May 2010,Turkey,/en/results.html/2010/races/866/turkey/race-result.html
2010,8,13 Jun 2010,Canada,/en/results.html/2010/races/867/canada/race-result.html
2010,9,27 Jun 2010,Europe,/en/results.html/2010/races/868/europe/race-result.html
2010,10,11 Jul 2010,Great Britain,/en/results.html/2010/races/869/great-britain/race-result.html
2010,11,25 Jul 2010,Germany,/en/results.html/2010/races/870/germany/race-result.html
2010,12,01 Aug 2010,Hungary,/en/results.html/2010/races/871/hungary/race-result.html
2010,13,29 Aug 2010,Belgium,/en/results.html/2010/races/872/belgium/race-result.html
2010,14,12 Sep 2010,Italy,/en/results.html/2010/races/873/italy/race-result.html
2010,15,26 Sep 2010,Singapore,/en/results.html/2010/races/874/singapore/race-result.html
2010,16,10 Oct 2010,Japan,/en/results.html/2010/races/875/japan/race-result.html
2010,17,24 Oct 2010,South Korea,/en/results.html/2010/races/876/south-korea/race-result.html
2010,18,07 Nov 2010,Brazil,/en/results.html/2010/races/877/brazil/race-result.html
2010,19,14 Nov 2010,Abu Dhabi,/en/results.html/2010/races/878/abu-dhabi/race-result.html
2011,1,27 Mar 2011,Australia,/en/results.html/2011/races/28/australia/race-result.html
2011,2,10 Apr 2011,Malaysia,/en/results.html/2011/races/29/malaysia/race-result.html
2011,3,17 Apr 2011,China,/en/results.html/2011/races/30/china/race-result.html
2011,4,08 May 2011,Turkey,/en/results.html/2011/races/31/turkey/race-result.html
2011,5,22 May 2011,Spain,/en/results.html/2011/races/32/spain/race-result.html
2011,6,29 May 2011,Monaco,/en/results.html/2011/races/33/monaco/race-result.html
2011,7,12 Jun 2011,Canada,/en/results.html/2011/races/34/canada/race-result.html
2011,8,26 Jun 2011,Europe,/en/results.html/2011/races/35/europe/race-result.html
2011,9,10 Jul 2011,Great Britain,/en/results.html/2011/races/36/great-britain/race-result.html
2011,10,24 Jul 2011,Germany,/en/results.html/2011/races/37/germany/race-result.html
2011,11,31 Jul 2011,Hungary,/en/results.html/2011/races/38/hungary/race-result.html
2011,12,28 Aug 2011,Belgium,/en/results.html/2011/races/39/belgium/race-result.html
2011,13,11 Sep 2011,Italy,/en/results.html/2011/races/40/italy/race-result.html
2011,14,25 Sep 2011,Singapore,/en/results.html/2011/races/41/singapore/race-result.html
2011,15,09 Oct 2011,Japan,/en/results.html/2011/races/42/japan/race-result.html
2011,16,16 Oct 2011,South Korea,/en/results.html/2011/races/43/south-korea/race-result.html
2011,17,30 Oct 2011,India,/en/results.html/2011/races/44/india/race-result.html
2011,18,13 Nov 2011,Abu Dhabi,/en/results.html/2011/races/45/abu-dhabi/race-result.html
2011,19,27 Nov 2011,Brazil,/en/results.html/2011/races/46/brazil/race-result.html
2012,1,18 Mar 2012,Australia,/en/results.html/2012/races/10/australia/race-result.html
2012,2,25 Mar 2012,Malaysia,/en/results.html/2012/races/11/malaysia/race-result.html
2012,3,15 Apr 2012,China,/en/results.html/2012/races/12/china/race-result.html
2012,4,22 Apr 2012,Bahrain,/en/results.html/2012/races/13/bahrain/race-result.html
2012,5,13 May 2012,Spain,/en/results.html/2012/races/14/spain/race-result.html
2012,6,27 May 2012,Monaco,/en/results.html/2012/races/15/monaco/race-result.html
2012,7,10 Jun 2012,Canada,/en/results.html/2012/races/16/canada/race-result.html
2012,8,24 Jun 2012,Europe,/en/results.html/2012/races/17/europe/race-result.html
2012,9,08 Jul 2012,Great Britain,/en/results.html/2012/races/4/great-britain/race-result.html
2012,10,22 Jul 2012,Germany,/en/results.html/2012/races/18/germany/race-result.html
2012,11,29 Jul 2012,Hungary,/en/results.html/2012/races/1/hungary/race-result.html
2012,12,02 Sep 2012,Belgium,/en/results.html/2012/races/19/belgium/race-result.html
2012,13,09 Sep 2012,Italy,/en/results.html/2012/races/20/italy/race-result.html
2012,14,23 Sep 2012,Singapore,/en/results.html/2012/races/21/singapore/race-result.html
2012,15,07 Oct 2012,Japan,/en/results.html/2012/races/22/japan/race-result.html
2012,16,14 Oct 2012,South Korea,/en/results.html/2012/races/23/south-korea/race-result.html
2012,17,28 Oct 2012,India,/en/results.html/2012/races/24/india/race-result.html
2012,18,04 Nov 2012,Abu Dhabi,/en/results.html/2012/races/25/abu-dhabi/race-result.html
2012,19,18 Nov 2012,United States,/en/results.html/2012/races/26/united-states/race-result.html
2012,20,25 Nov 2012,Brazil,/en/results.html/2012/races/27/brazil/race-result.html
2013,1,17 Mar 2013,Australia,/en/results.html/2013/races/879/australia/race-result.html
2013,2,24 Mar 2013,Malaysia,/en/results.html/2013/races/880/malaysia/race-result.html
2013,3,14 Apr 2013,China,/en/results.html/2013/races/881/china/race-result.html
2013,4,21 Apr 2013,Bahrain,/en/results.html/2013/races/882/bahrain/race-result.html
2013,5,12 May 2013,Spain,/en/results.html/2013/races/883/spain/race-result.html
2013,6,26 May 2013,Monaco,/en/results.html/2013/races/884/monaco/race-result.html
2013,7,09 Jun 2013,Canada,/en/results.html/2013/races/885/canada/race-result.html
2013,8,30 Jun 2013,Great Britain,/en/results.html/2013/races/886/great-britain/race-result.html
2013,9,07 Jul 2013,Germany,/en/results.html/2013/races/887/germany/race-result.html
2013,10,28 Jul 2013,Hungary,/en/results.html/2013/races/888/hungary/race-result.html
2013,11,25 Aug 2013,Belgium,/en/results.html/2013/races/889/belgium/race-result.html
2013,12,08 Sep 2013,Italy,/en/results.html/2013/races/890/italy/race-result.html
2013,13,22 Sep 2013,Singapore,/en/results.html/2013/races/891/singapore/race-result.html
2013,14,06 Oct 2013,South Korea,/en/results.html/2013/races/892/south-korea/race-result.html
2013,15,13 Oct 2013,Japan,/en/results.html/2013/races/893/japan/race-result.html
2013,16,27 Oct 2013,India,/en/results.html/2013/races/894/india/race-result.html
2013,17,03 Nov 2013,Abu Dhabi,/en/results.html/2013/races/895/abu-dhabi/race-result.html
2013,18,17 Nov 2013,United States,/en/results.html/2013/races/896/united-states/race-result.html
2013,19,24 Nov 2013,Brazil,/en/results.html/2013/races/897/brazil/race-result.html
2014,1,16 Mar 2014,Australia,/en/results.html/2014/races/898/australia/race-result.html
2014,2,30 Mar 2014,Malaysia,/en/results.html/2014/races/899/malaysia/race-result.html
2014,3,04 Jun 2014,Bahrain,/en/results.html/2014/races/900/bahrain/race-result.html
2014,4,20 Apr 2014,China,/en/results.html/2014/races/901/china/race-result.html
2014,5,11 May 2014,Spain,/en/results.html/2014/races/902/spain/race-result.html
2014,6,25 May 2014,Monaco,/en/results.html/2014/races/903/monaco/race-result.html
2014,7,08 Jun 2014,Canada,/en/results.html/2014/races/904/canada/race-result.html
2014,8,22 Jun 2014,Austria,/en/results.html/2014/races/905/austria/race-result.html
2014,9,06 Jul 2014,Great Britain,/en/results.html/2014/races/906/great-britain/race-result.html
2014,10,20 Jul 2014,Germany,/en/results.html/2014/races/907/germany/race-result.html
2014,11,27 Jul 2014,Hungary,/en/results.html/2014/races/908/hungary/race-result.html
2014,12,24 Aug 2014,Belgium,/en/results.html/2014/races/909/belgium/race-result.html
2014,13,07 Sep 2014,Italy,/en/results.html/2014/races/910/italy/race-result.html
2014,14,21 Sep 2014,Singapore,/en/results.html/2014/races/911/singapore/race-result.html
2014,15,05 Oct 2014,Japan,/en/results.html/2014/races/912/japan/race-result.html
2014,16,21 Oct 2014,Russia,/en/results.html/2014/races/913/russia/race-result.html
2014,17,02 Nov 2014,United States,/en/results.html/2014/races/914/united-states/race-result.html
2014,18,09 Nov 2014,Brazil,/en/results.html/2014/races/915/brazil/race-result.html
2014,19,23 Nov 2014,Abu Dhabi,/en/results.html/2014/races/916/abu-dhabi/race-result.html
2015,1,15 Mar 2015,Australia,/en/results.html/2015/races/917/australia/race-result.html
2015,2,29 Mar 2015,Malaysia,/en/results.html/2015/races/918/malaysia/race-result.html
2015,3,12 Apr 2015,China,/en/results.html/2015/races/919/china/race-result.html
2015,4,19 Apr 2015,Bahrain,/en/results.html/2015/races/920/bahrain/race-result.html
2015,5,10 May 2015,Spain,/en/results.html/2015/races/921/spain/race-result.html
2015,6,24 May 2015,Monaco,/en/results.html/2015/races/922/monaco/race-result.html
2015,7,07 Jun 2015,Canada,/en/results.html/2015/races/923/canada/race-result.html
2015,8,21 Jun 2015,Austria,/en/results.html/2015/races/924/austria/race-result.html
2015,9,05 Jul 2015,Great Britain,/en/results.html/2015/races/925/great-britain/race-result.html
2015,10,26 Jul 2015,Hungary,/en/results.html/2015/races/927/hungary/race-result.html
2015,11,23 Aug 2015,Belgium,/en/results.html/2015/races/928/belgium/race-result.html
2015,12,06 Sep 2015,Italy,/en/results.html/2015/races/929/italy/race-result.html
2015,13,20 Sep 2015,Singapore,/en/results.html/2015/races/930/singapore/race-result.html
2015,14,27 Sep 2015,Japan,/en/results.html/2015/races/931/japan/race-result.html
2015,15,11 Oct 2015,Russia,/en/results.html/2015/races/932/russia/race-result.html
2015,16,25 Oct 2015,United States,/en/results.html/2015/races/933/united-states/race-result.html
2015,17,01 Nov 2015,Mexico,/en/results.html/2015/races/934/mexico/race-result.html
2015,18,15 Nov 2015,Brazil,/en/results.html/2015/races/935/brazil/race-result.html
2015,19,29 Nov 2015,Abu Dhabi,/en/results.html/2015/races/936/abu-dhabi/race-result.html
2016,1,20 Mar 2016,Australia,/en/results.html/2016/races/938/australia/race-result.html
2016,2,03 Apr 2016,Bahrain,/en/results.html/2016/races/939/bahrain/race-result.html
2016,3,17 Apr 2016,China,/en/results.html/2016/races/940/china/race-result.html
2016,4,01 May 2016,Russia,/en/results.html/2016/races/941/russia/race-result.html
2016,5,15 May 2016,Spain,/en/results.html/2016/races/942/spain/race-result.html
2016,6,29 May 2016,Monaco,/en/results.html/2016/races/943/monaco/race-result.html
2016,7,12 Jun 2016,Canada,/en/results.html/2016/races/944/canada/race-result.html
2016,8,19 Jun 2016,Europe,/en/results.html/2016/races/958/europe/race-result.html
2016,9,03 Jul 2016,Austria,/en/results.html/2016/races/945/austria/race-result.html
2016,10,10 Jul 2016,Great Britain,/en/results.html/2016/races/946/great-britain/race-result.html
2016,11,24 Jul 2016,Hungary,/en/results.html/2016/races/947/hungary/race-result.html
2016,12,31 Jul 2016,Germany,/en/results.html/2016/races/948/germany/race-result.html
2016,13,28 Aug 2016,Belgium,/en/results.html/2016/races/949/belgium/race-result.html
2016,14,04 Sep 2016,Italy,/en/results.html/2016/races/950/italy/race-result.html
2016,15,18 Sep 2016,Singapore,/en/results.html/2016/races/951/singapore/race-result.html
2016,16,02 Oct 2016,Malaysia,/en/results.html/2016/races/952/malaysia/race-result.html
2016,17,09 Oct 2016,Japan,/en/results.html/2016/races/953/japan/race-result.html
2016,18,23 Oct 2016,United States,/en/results.html/2016/races/954/united-states/race-result.html
2016,19,30 Oct 2016,Mexico,/en/results.html/2016/races/955/mexico/race-result.html
2016,20,13 Nov 2016,Brazil,/en/results.html/2016/races/956/brazil/race-result.html
2016,21,27 Nov 2016,Abu Dhabi,/en/results.html/2016/races/957/abu-dhabi/race-result.html
2017,1,26 Mar 2017,Australia,/en/results.html/2017/races/959/australia/race-result.html
2017,2,09 Apr 2017,China,/en/results.html/2017/races/960/china/race-result.html
2017,3,16 Apr 2017,Bahrain,/en/results.html/2017/races/961/bahrain/race-result.html
2017,4,30 Apr 2017,Russia,/en/results.html/2017/races/962/russia/race-result.html
2017,5,14 May 2017,Spain,/en/results.html/2017/races/963/spain/race-result.html
2017,6,28 May 2017,Monaco,/en/results.html/2017/races/964/monaco/race-result.html
2017,7,11 Jun 2017,Canada,/en/results.html/2017/races/965/canada/race-result.html
2017,8,25 Jun 2017,Azerbaijan,/en/results.html/2017/races/966/azerbaijan/race-result.html
2017,9,09 Jul 2017,Austria,/en/results.html/2017/races/967/austria/race-result.html
2017,10,16 Jul 2017,Great Britain,/en/results.html/2017/races/968/great-britain/race-result.html
2017,11,30 Jul 2017,Hungary,/en/results.html/2017/races/969/hungary/race-result.html
2017,12,27 Aug 2017,Belgium,/en/results.html/2017/races/970/belgium/race-result.html
2017,13,03 Sep 2017,Italy,/en/results.html/2017/races/971/italy/race-result.html
2017,14,17 Sep 2017,Singapore,/en/results.html/2017/races/972/singapore/race-result.html
2017,15,01 Oct 2017,Malaysia,/en/results.html/2017/races/973/malaysia/race-result.html
2017,16,08 Oct 2017,Japan,/en/results.html/2017/races/974/japan/race-result.html
2017,17,22 Oct 2017,United States,/en/results.html/2017/races/975/united-states/race-result.html
2017,18,29 Oct 2017,Mexico,/en/results.html/2017/races/976/mexico/race-result.html
2017,19,12 Nov 2017,Brazil,/en/results.html/2017/races/977/brazil/race-result.html
2017,20,26 Nov 2017,Abu Dhabi,/en/results.html/2017/races/978/abu-dhabi/race-result.html
2018,1,25 Mar 2018,Australia,/en/results.html/2018/races/979/australia/race-result.html
2018,2,08 Apr 2018,Bahrain,/en/results.html/2018/races/980/bahrain/race-result.html
2018,3,15 Apr 2018,China,/en/results.html/2018/races/981/china/race-result.html
2018,4,29 Apr 2018,Azerbaijan,/en/results.html/2018/races/982/azerbaijan/race-result.html
2018,5,13 May 2018,Spain,/en/results.html/2018/races/983/spain/race-result.html
2018,6,27 May 2018,Monaco,/en/results.html/2018/races/984/monaco/race-result.html
2018,7,10 Jun 2018,Canada,/en/results.html/2018/races/985/canada/race-result.html
2018,8,24 Jun 2018,France,/en/results.html/2018/races/986/france/race-result.html
2018,9,01 Jul 2018,Austria,/en/results.html/2018/races/987/austria/race-result.html
2018,10,08 Jul 2018,Great Britain,/en/results.html/2018/races/988/great-britain/race-result.html
2018,11,22 Jul 2018,Germany,/en/results.html/2018/races/989/germany/race-result.html
2018,12,29 Jul 2018,Hungary,/en/results.html/2018/races/990/hungary/race-result.html
2018,13,26 Aug 2018,Belgium,/en/results.html/2018/races/991/belgium/race-result.html
2018,14,02 Sep 2018,Italy,/en/results.html/2018/races/992/italy/race-result.html
2018,15,16 Sep 2018,Singapore,/en/results.html/2018/races/993/singapore/race-result.html
2018,16,30 Sep 2018,Russia,/en/results.html/2018/races/994/russia/race-result.html
2018,17,07 Oct 2018,Japan,/en/results.html/2018/races/995/japan/race-result.html
2018,18,21 Oct 2018,United States,/en/results.html/2018/races/996/united-states/race-result.html
2018,19,28 Oct 2018,Mexico,/en/results.html/2018/races/997/mexico/race-result.html
2018,20,11 Nov 2018,Brazil,/en/results.html/2018/races/998/brazil/race-result.html
2018,21,25 Nov 2018,Abu Dhabi,/en/results.html/2018/races/999/abu-dhabi/race-result.html
